protein,rmsd,pose_rank_for_rmsd
1a30,3.217771658510365,1
1a30,3.0733986619016456,2
1a30,3.101319073633389,3
1a30,3.2128110036438224,4
1a30,3.20262959000413,5
1bcu,2.199714631820996,1
1bcu,2.8793509559241173,2
1bcu,2.7561455848098375,3
1bcu,2.536931026065753,4
1bcu,2.568687155024866,5
1bzc,1.9875537926690492,1
1bzc,1.9109442298746473,2
1bzc,2.2961715111588314,3
1bzc,1.997742721751955,4
1bzc,2.0571908369875347,5
1c5z,0.9124593078267794,1
1c5z,0.9490224256956641,2
1c5z,0.9450275820884726,3
1c5z,0.9487149425900694,4
1c5z,0.9274510085220014,5
1e66,0.825975860372676,1
1e66,0.8385109368138884,2
1e66,0.8251252134553585,3
1e66,0.8368840825083194,4
1e66,0.8386268994510979,5
1eby,4.676562416124015,1
1eby,4.563928497972617,2
1eby,5.734915004479782,3
1eby,3.3883005386993355,4
1eby,4.319141702026373,5
1gpn,2.1882138268465448,1
1gpn,2.1847907114333083,2
1gpn,2.189310114152145,3
1gpn,2.1890678214378037,4
1gpn,2.1860078415075694,5
1h22,6.178696272321839,1
1h22,6.0980655016511385,2
1h22,5.507590051454275,3
1h22,6.379610688394482,4
1h22,6.096911193104301,5
1h23,6.321153163820307,1
1h23,6.395914485190902,2
1h23,6.249016678920153,3
1h23,6.504738077007021,4
1h23,6.680808383811811,5
1k1i,1.560827678958425,1
1k1i,1.659739234653401,2
1k1i,2.449942725573223,3
1k1i,1.5628365819584409,4
1k1i,2.0760036968822613,5
1lpg,2.342075284794897,1
1lpg,2.47072585046614,2
1lpg,2.4773283410615043,3
1lpg,2.3608024223940878,4
1lpg,2.2598779063778442,5
1mq6,1.6632621370441514,1
1mq6,1.659053726024969,2
1mq6,1.6554506263308912,3
1mq6,1.8474936972835379,4
1mq6,1.9440140358278613,5
1nc1,0.7888499193986909,1
1nc1,0.783633547338238,2
1nc1,0.7866869201508186,3
1nc1,0.7796700715453649,4
1nc1,0.7867549463490822,5
1nc3,0.9795951607134665,1
1nc3,0.9828062655868585,2
1nc3,0.9934824019113223,3
1nc3,0.9920047571421657,4
1nc3,0.9819149572559341,5
1nvq,0.7458626896403733,1
1nvq,0.7555168370543817,2
1nvq,0.7535774440610333,3
1nvq,0.7536684668963813,4
1nvq,0.7458139346120599,5
1o0h,2.250668488095805,1
1o0h,2.374751838485404,2
1o0h,2.3562672558224533,3
1o0h,2.25874493500594,4
1o0h,2.358410394638379,5
1o3f,1.086543187758487,1
1o3f,0.9242648644274347,2
1o3f,1.0772284973923438,3
1o3f,0.8149997587063037,4
1o3f,0.8128785248252294,5
1o5b,0.2904325501645463,1
1o5b,0.29406124587203625,2
1o5b,0.901228613764858,3
1o5b,0.2954999649441032,4
1o5b,0.9014890011748701,5
1owh,1.00187990738074,1
1owh,1.2636688460853325,2
1owh,1.017191167570014,3
1owh,1.0668523894243123,4
1owh,0.6062330733400793,5
1oyt,1.5815583955035297,1
1oyt,1.0551108950741,2
1oyt,1.2666430072390353,3
1oyt,1.6269339387787731,4
1oyt,1.3666334367804618,5
1p1n,1.3665245241009303,1
1p1n,1.3694647367185175,2
1p1n,1.3637755873038762,3
1p1n,1.3652873536510368,4
1p1n,1.3590539375810486,5
1p1q,0.5655320964346923,1
1p1q,0.7259397071853257,2
1p1q,0.7535998202799891,3
1p1q,0.5640651392773639,4
1p1q,0.747627731170344,5
1ps3,0.6766993271495368,1
1ps3,0.704310153192614,2
1ps3,0.6856605822599364,3
1ps3,0.6852832609087713,4
1ps3,0.6752894284634126,5
1pxn,1.106060630638657,1
1pxn,0.46209186858195245,2
1pxn,1.1172750926020836,3
1pxn,0.4672432660599188,4
1pxn,1.1114189841441655,5
1q8t,0.8526153033326418,1
1q8t,0.6670495135818534,2
1q8t,1.3894900970839084,3
1q8t,1.108051667755505,4
1q8t,1.401944452999772,5
1q8u,1.3155865423452093,1
1q8u,1.3101996576895754,2
1q8u,1.3036275625115907,3
1q8u,1.3196450296981745,4
1q8u,1.4344512419149287,5
1qf1,1.7403970894955128,1
1qf1,1.8637756289343903,2
1qf1,1.9320869238229104,3
1qf1,1.5921086479443831,4
1qf1,1.7152230915887832,5
1qkt,0.42801223814967054,1
1qkt,0.4024777299233663,2
1qkt,0.3947349993164544,3
1qkt,1.1767127354073934,4
1qkt,0.40732156707679623,5
1r5y,0.26251530007398965,1
1r5y,0.2632303490174551,2
1r5y,0.2560356078914393,3
1r5y,0.25524830164761186,4
1r5y,0.25346684491480637,5
1s38,0.16345876636329906,1
1s38,0.1582231112796069,2
1s38,0.17185438718513074,3
1s38,0.15968771257446304,4
1s38,0.1643187476688226,5
1sqa,1.6048267880160418,1
1sqa,1.494451099314069,2
1sqa,1.3729722263255855,3
1sqa,1.5038568032322548,4
1sqa,1.3320200559089168,5
1syi,0.6877268283423,1
1syi,0.5438483541287564,2
1syi,0.695091310501071,3
1syi,0.6893004570269895,4
1syi,0.6974255337467752,5
1u1b,2.73346452052409,1
1u1b,2.6470294406525183,2
1u1b,2.7052366035344897,3
1u1b,2.64838813169492,4
1u1b,2.6500249072266056,5
1uto,0.3864804487208012,1
1uto,0.29579707546121314,2
1uto,0.7389440474388312,3
1uto,0.36386353729211623,4
1uto,0.30607715039672845,5
1vso,1.406439417278464,1
1vso,1.3907701607657184,2
1vso,1.383951749820078,3
1vso,1.3486025364845802,4
1vso,1.416523380114187,5
1w4o,1.330391917916164,1
1w4o,1.4437330627979612,2
1w4o,1.3311327241732518,3
1w4o,1.3709329152350327,4
1w4o,1.4539956890098356,5
1y6r,0.7269647698585108,1
1y6r,0.726505018595004,2
1y6r,0.7114477951536508,3
1y6r,0.7193721423268337,4
1y6r,0.7068672926950491,5
1yc1,0.9814249702628647,1
1yc1,1.1191353964614745,2
1yc1,0.9805990070933506,3
1yc1,0.983403332472731,4
1yc1,0.9753444524237426,5
1ydr,1.0337218569342177,1
1ydr,0.6840380345558739,2
1ydr,0.6848580360059812,3
1ydr,1.0394698768329094,4
1ydr,1.0488796557775637,5
1ydt,0.9457088326662124,1
1ydt,0.950110005522154,2
1ydt,0.958727073729196,3
1ydt,1.1095892355270411,4
1ydt,1.118190612375357,5
1z6e,1.0289420256487916,1
1z6e,1.0339661558862594,2
1z6e,0.9445155308066865,3
1z6e,0.9629290664693644,4
1z6e,1.0986790163492943,5
1z95,0.9562456894803245,1
1z95,1.0785916457364964,2
1z95,1.0016750332026605,3
1z95,1.359544584334297,4
1z95,1.1267917326202264,5
1z9g,2.0114246463615237,1
1z9g,1.7483743097750664,2
1z9g,1.8725837261781395,3
1z9g,1.9623132594750716,4
1z9g,2.025520147728383,5
2al5,0.6444110759877895,1
2al5,0.6229955938242487,2
2al5,0.6493747177248659,3
2al5,0.6469779229702651,4
2al5,0.6480330905323615,5
2br1,0.9610433676024075,1
2br1,1.187660744434532,2
2br1,1.1927653755067231,3
2br1,0.8981350607534848,4
2br1,1.196487405262515,5
2brb,0.8878201302030853,1
2brb,0.8495186540573059,2
2brb,0.8553201107345949,3
2brb,0.8908244513133772,4
2brb,0.8525186787299355,5
2c3i,1.3443706183598696,1
2c3i,1.4010842896047402,2
2c3i,1.3472490272649233,3
2c3i,1.3141134738088496,4
2c3i,1.3015135726664433,5
2cbv,1.2220455149769744,1
2cbv,1.2244088695349642,2
2cbv,1.2202862465935915,3
2cbv,1.2100503404386653,4
2cbv,1.219278572113511,5
2cet,1.422824152144245,1
2cet,1.5849071562163253,2
2cet,1.42755354961298,3
2cet,1.406281090197818,4
2cet,1.5840175578225117,5
2fvd,1.1682193297011787,1
2fvd,1.1844798105367849,2
2fvd,1.4374955487400207,3
2fvd,1.2133275778588453,4
2fvd,1.309977375971914,5
2fxs,2.446991912087041,1
2fxs,2.4704911909396956,2
2fxs,2.4865793074206044,3
2fxs,2.4882069855444566,4
2fxs,2.439139438232841,5
2hb1,1.18188507585588,1
2hb1,1.077759359115163,2
2hb1,1.1761293990738269,3
2hb1,1.2211768575202333,4
2hb1,1.183205196120938,5
2iwx,1.306298644756413,1
2iwx,1.318672364501828,2
2iwx,1.3872032410284851,3
2iwx,1.4107013725458057,4
2iwx,1.3161593742998239,5
2j78,0.278330818231624,1
2j78,0.3814752368725569,2
2j78,0.3741449150044737,3
2j78,0.3847520569749109,4
2j78,0.27429174974544507,5
2j7h,0.6399288937180534,1
2j7h,0.6024730530696936,2
2j7h,0.6173730383007527,3
2j7h,0.6153844242168999,4
2j7h,0.6085490284705466,5
2p15,0.9236726734057478,1
2p15,0.8073155336814308,2
2p15,0.811690765913277,3
2p15,0.6744610826158995,4
2p15,0.9704176333578494,5
2p4y,2.5595331118635776,1
2p4y,2.4464351549643495,2
2p4y,2.453058555887472,3
2p4y,2.434040792756506,4
2p4y,2.515200896447552,5
2pog,0.7591043576855158,1
2pog,0.9965522714877685,2
2pog,0.750363250682592,3
2pog,0.7554335572926556,4
2pog,0.7708302398822274,5
2qbp,1.914172575925403,1
2qbp,1.5715615293088891,2
2qbp,1.9003828741806803,3
2qbp,1.6818352822621971,4
2qbp,1.483742014718996,5
2qbq,2.0543515604770146,1
2qbq,1.481907527141545,2
2qbq,2.135809935495798,3
2qbq,1.5060550796398902,4
2qbq,1.946840671720883,5
2qbr,1.231644505925131,1
2qbr,1.235838599514811,2
2qbr,1.4105450610952452,3
2qbr,1.203398623109223,4
2qbr,1.4802923360101148,5
2qe4,1.4231218107488304,1
2qe4,1.352075907621893,2
2qe4,1.5745684657959174,3
2qe4,1.371845485952514,4
2qe4,1.2281999679848545,5
2qnq,4.104557420859594,1
2qnq,3.951649063487837,2
2qnq,3.062617178738056,3
2qnq,3.915981972335196,4
2qnq,3.8977164595093816,5
2r9w,1.8315312063538238,1
2r9w,1.8313066609356123,2
2r9w,1.0301584715261525,3
2r9w,1.822571634464617,4
2r9w,1.8310938604698053,5
2v00,1.4068555353092358,1
2v00,0.992517406721097,2
2v00,0.9828289339370058,3
2v00,1.4041505336391742,4
2v00,0.9928814967667586,5
2v7a,1.9555351376412502,1
2v7a,1.7863432219111417,2
2v7a,2.015083285672472,3
2v7a,1.7858944528938105,4
2v7a,1.961054691497465,5
2vkm,1.045935640277588,1
2vkm,0.9002230479579452,2
2vkm,1.0418705479778716,3
2vkm,0.8156241352810989,4
2vkm,0.9299787294359037,5
2vvn,0.7792668015753166,1
2vvn,0.7660571107120877,2
2vvn,0.7818976216422683,3
2vvn,0.7840236330127893,4
2vvn,0.7714022426860844,5
2w4x,1.3651804610367957,1
2w4x,1.3944367131065212,2
2w4x,1.457415884400799,3
2w4x,1.3798002628921457,4
2w4x,1.3841030678055197,5
2w66,1.3933698254787188,1
2w66,1.1137101234347346,2
2w66,1.3869197706418073,3
2w66,1.3824423228273823,4
2w66,1.3920040812630823,5
2wbg,1.84236749052272,1
2wbg,1.8731346037710441,2
2wbg,2.5129343450287642,3
2wbg,1.8461317269795972,4
2wbg,1.8590631610988815,5
2weg,1.06940724786197,1
2weg,1.0615320479493076,2
2weg,1.0601115671949746,3
2weg,1.0636025887390401,4
2weg,1.0616337454004314,5
2wer,1.1954775008625524,1
2wer,1.2051085244749653,2
2wer,1.194064976069093,3
2wer,1.1973329645764312,4
2wer,1.1944425001073908,5
2wn9,1.2649982653756835,1
2wn9,1.261878805293376,2
2wn9,1.2564198249040566,3
2wn9,1.1891593909395293,4
2wn9,1.261108847650926,5
2wnc,1.2181755176632272,1
2wnc,1.2146987318744635,2
2wnc,1.6402930829254958,3
2wnc,1.2108701827224575,4
2wnc,1.3851831486262443,5
2wtv,0.8737944335232672,1
2wtv,1.3613149418134627,2
2wtv,1.6897377374181464,3
2wtv,1.184884973592451,4
2wtv,1.1853794536740063,5
2wvt,1.0420622704561844,1
2wvt,0.8501570900566341,2
2wvt,0.7515159993297766,3
2wvt,0.6829093794486297,4
2wvt,0.6690417502004978,5
2xb8,1.0175107324916224,1
2xb8,1.0131331412828608,2
2xb8,1.0796634369327367,3
2xb8,1.0241701611810585,4
2xb8,1.0140542934280405,5
2xbv,1.289013093565758,1
2xbv,1.269314264634971,2
2xbv,1.2053266742548951,3
2xbv,1.27752984085528,4
2xbv,1.2027315786979718,5
2xdl,0.8993712246221061,1
2xdl,0.8970309685048332,2
2xdl,0.9019174153892321,3
2xdl,0.8973635112622995,4
2xdl,0.8970109855669416,5
2xii,1.7715600385266292,1
2xii,1.7581400062567143,2
2xii,2.413494459011206,3
2xii,2.3480630227565173,4
2xii,2.2529685085816022,5
2xj7,0.9949871543148398,1
2xj7,0.9892476711762167,2
2xj7,0.9929721813974408,3
2xj7,0.9843134019372605,4
2xj7,0.9779442702386475,5
2xnb,0.43327798146375074,1
2xnb,1.3604561278913625,2
2xnb,1.0108414753202977,3
2xnb,1.007213059238442,4
2xnb,1.0066701824236215,5
2xys,1.3777252367104216,1
2xys,1.383582056472073,2
2xys,1.3872444660306535,3
2xys,1.3734870784063193,4
2xys,1.3889879264908376,5
2y5h,1.7266388478469588,1
2y5h,1.7002001122555568,2
2y5h,1.580907939688388,3
2y5h,1.5466889321078199,4
2y5h,1.7172786313594728,5
2yfe,2.2721190313998325,1
2yfe,2.2715648918789655,2
2yfe,2.2647709389536943,3
2yfe,2.175738602237259,4
2yfe,2.2679626676217053,5
2yki,1.3193198307228033,1
2yki,1.324621110422323,2
2yki,1.4464058790363699,3
2yki,1.444085717196407,4
2yki,1.3204327643709803,5
2ymd,0.8205534352137824,1
2ymd,0.824424783613059,2
2ymd,0.8225907916956844,3
2ymd,0.8153155125315158,4
2ymd,0.8165916080077852,5
2zb1,0.5881964023100966,1
2zb1,0.4975007213906134,2
2zb1,0.5842394503831876,3
2zb1,0.5795461954918846,4
2zb1,0.5046198666012158,5
2zcq,1.6060195131534225,1
2zcq,1.7813763142632293,2
2zcq,1.688713297344833,3
2zcq,1.7464329784019583,4
2zcq,1.693114557125439,5
2zcr,1.7810154834731677,1
2zcr,1.9064225416069462,2
2zcr,1.7721250066117722,3
2zcr,1.8566785402306902,4
2zcr,1.9891823822977277,5
2zda,0.8864965641663549,1
2zda,0.8809913779067047,2
2zda,1.1212054050438591,3
2zda,0.8894250555005807,4
2zda,0.8899327251603781,5
2zy1,2.05117426972958,1
2zy1,2.0118791475546254,2
2zy1,1.9371284829987587,3
2zy1,1.99102799442783,4
2zy1,2.0152836963404184,5
3acw,1.4245044618353269,1
3acw,1.5934728131173774,2
3acw,1.7256547665222486,3
3acw,1.5483350076424736,4
3acw,1.591444407754129,5
3ag9,5.120981442149533,1
3ag9,5.145547644775154,2
3ag9,5.22795629524741,3
3ag9,5.160891100150689,4
3ag9,5.414361041080846,5
3ao4,1.2105845921548006,1
3ao4,1.2070762327073856,2
3ao4,1.2128489677788805,3
3ao4,1.209433572249619,4
3ao4,1.2150320183696728,5
3arp,6.180274825192453,1
3arp,5.940641357247997,2
3arp,6.258842108466801,3
3arp,6.252858810404828,4
3arp,6.3471204856382935,5
3arq,1.4359620744847355,1
3arq,1.3531261135388608,2
3arq,1.5337037886960354,3
3arq,1.5599131969133855,4
3arq,1.205715027495855,5
3aru,0.7434226617577149,1
3aru,0.8409577731305127,2
3aru,0.9237811706585682,3
3aru,0.7881395711869852,4
3aru,0.7863871280244006,5
3arv,3.6211582173360717,1
3arv,3.633427432310896,2
3arv,3.6229472412834896,3
3arv,3.6246665088571803,4
3arv,3.628012285850243,5
3ary,1.0546023796997717,1
3ary,1.2379854749289019,2
3ary,1.067206356476934,3
3ary,1.0920338201161934,4
3ary,1.0665937039812559,5
3b1m,1.2266954129916048,1
3b1m,1.3368044862569992,2
3b1m,1.3460955641686652,3
3b1m,1.3461795384834931,4
3b1m,1.2197404369113827,5
3b27,0.30450075511807423,1
3b27,0.30332789302611785,2
3b27,0.3047223135464242,3
3b27,0.30524505441050664,4
3b27,0.3021141650271668,5
3b5r,0.8949521071080272,1
3b5r,0.8904951487561256,2
3b5r,1.051835524829203,3
3b5r,1.0509968660746738,4
3b5r,0.9003369721724497,5
3b65,1.0569002117061062,1
3b65,1.300294500526869,2
3b65,1.1143495370620549,3
3b65,1.1117475883622063,4
3b65,0.6891213629289221,5
3b68,1.146985235748204,1
3b68,1.5229589042030176,2
3b68,1.4104390051126157,3
3b68,1.4082977205745726,4
3b68,1.121510554231189,5
3bgz,1.067542093763107,1
3bgz,0.43953106291018407,2
3bgz,1.4315744448310317,3
3bgz,1.4288862717244073,4
3bgz,1.429686250043089,5
3cj4,1.9629185005438343,1
3cj4,2.0535474601592894,2
3cj4,2.0003617364161994,3
3cj4,2.095974155584522,4
3cj4,1.9909384916314283,5
3coy,1.3023116872076377,1
3coy,1.1857444910606068,2
3coy,1.3042577033657887,3
3coy,1.3274251043162082,4
3coy,1.3033658649728803,5
3coz,1.0272236221506237,1
3coz,1.1744857975163514,2
3coz,1.1962095838623776,3
3coz,1.1272200446884488,4
3coz,1.078618714600985,5
3cyx,0.9552416160467991,1
3cyx,1.1306092098026197,2
3cyx,1.1648627247346772,3
3cyx,1.2110683587825406,4
3cyx,0.9684813141938254,5
3d4z,0.5986392096963566,1
3d4z,0.5690695340276364,2
3d4z,0.5858652594991719,3
3d4z,0.5721818076720966,4
3d4z,0.55547378616252,5
3d6q,1.237803850959895,1
3d6q,0.7399086345479615,2
3d6q,1.1750844700303176,3
3d6q,1.2438947816734702,4
3d6q,1.310321614757594,5
3dd0,1.2008791684540865,1
3dd0,1.2069469822219605,2
3dd0,0.9791695588017812,3
3dd0,0.9660629511708928,4
3dd0,0.5544768723971895,5
3dx1,0.6466238595925308,1
3dx1,0.45093930790145914,2
3dx1,0.6891191602054217,3
3dx1,0.6715147478996326,4
3dx1,0.661149484801938,5
3dx2,0.7002557539615475,1
3dx2,0.7391437665433436,2
3dx2,1.221460156611047,3
3dx2,1.2053393691471326,4
3dx2,0.6647365539959613,5
3dxg,1.9493497917564315,1
3dxg,1.7851449174017824,2
3dxg,1.9440353573128646,3
3dxg,1.9474454976219424,4
3dxg,1.9495460665993058,5
3e5a,1.5118081097914362,1
3e5a,1.3734596929178111,2
3e5a,1.3989756219526965,3
3e5a,1.3899455142326496,4
3e5a,1.4042988569267167,5
3e92,0.8766219545221693,1
3e92,0.8955747702252651,2
3e92,0.8814541631925066,3
3e92,0.8820401000061366,4
3e92,0.8792228466669951,5
3e93,0.4783812207867495,1
3e93,0.9378564436125822,2
3e93,0.938704702294598,3
3e93,0.52351785789706,4
3e93,0.4758038237001133,5
3ebp,0.7690957921544447,1
3ebp,1.2844707965260478,2
3ebp,1.279741695381399,3
3ebp,1.2793145580627363,4
3ebp,1.275985296081342,5
3ehy,1.2386805429925996,1
3ehy,1.3377914253637206,2
3ehy,1.2366207793551123,3
3ehy,0.9285015866948063,4
3ehy,1.4185410408076957,5
3ejr,1.5947842288090608,1
3ejr,1.7066240165198248,2
3ejr,1.7053933391835383,3
3ejr,1.6034150644451994,4
3ejr,1.787423797271129,5
3f3a,0.6277794772780746,1
3f3a,0.7534611702325192,2
3f3a,0.6232927682863363,3
3f3a,0.631360241069742,4
3f3a,0.6296279342250473,5
3f3c,1.1677981020864567,1
3f3c,0.6263149714937816,2
3f3c,0.6255375092482836,3
3f3c,0.629967207045535,4
3f3c,0.6223522250296942,5
3f3d,1.0152650347105778,1
3f3d,0.8449838409038841,2
3f3d,0.8483063617502709,3
3f3d,0.8336227607544039,4
3f3d,1.007636280018554,5
3f3e,1.4471519350332314,1
3f3e,1.2073038271527048,2
3f3e,0.567874683285822,3
3f3e,1.1877066494489625,4
3f3e,0.5647131839155314,5
3fcq,1.2919221862827928,1
3fcq,1.2033263214957637,2
3fcq,1.296788381316836,3
3fcq,1.2781021341206464,4
3fcq,1.3148683658415548,5
3fur,1.9841604522232488,1
3fur,1.9801501587246955,2
3fur,1.490213909298199,3
3fur,1.9872887952860037,4
3fur,1.9749237883715056,5
3fv1,0.8864157191208853,1
3fv1,0.8859691000236536,2
3fv1,0.8936407105521137,3
3fv1,0.8412903667437125,4
3fv1,0.8640944500019465,5
3fv2,0.9173649282417824,1
3fv2,0.9182546992257558,2
3fv2,0.927670815360998,3
3fv2,0.9130878014542683,4
3fv2,0.9237992143962607,5
3g0w,1.9216510209408746,1
3g0w,1.957674266481553,2
3g0w,1.8526207386031817,3
3g0w,1.9025997583349503,4
3g0w,1.4385899867426697,5
3g2n,0.502451274369802,1
3g2n,0.5005906792617756,2
3g2n,0.49296574566487067,3
3g2n,0.5010426399231163,4
3g2n,0.49127957400940314,5
3g2z,0.6389893812413404,1
3g2z,0.6328027894340129,2
3g2z,0.6346787311542692,3
3g2z,0.6524356665341993,4
3g2z,0.541992612731273,5
3g31,1.7782686460752435,1
3g31,1.7782038691826054,2
3g31,1.7816523090470253,3
3g31,1.7796400850825655,4
3g31,1.68650966497254,5
3gbb,1.5177715332215718,1
3gbb,1.4100254370981269,2
3gbb,1.5155035131612262,3
3gbb,1.5140829247365168,4
3gbb,1.4100842848551665,5
3gc5,0.4840567624536446,1
3gc5,0.4872895689110397,2
3gc5,0.48718405180842816,3
3gc5,0.48981512405081373,4
3gc5,0.4916022236216443,5
3ge7,1.1445528130481326,1
3ge7,1.1432828712746772,2
3ge7,1.1320100930179686,3
3ge7,1.0396548220480164,4
3ge7,1.1816963466685408,5
3gnw,1.2904408610044609,1
3gnw,1.1981891544356418,2
3gnw,1.26211978741718,3
3gnw,1.3807723290949334,4
3gnw,1.0064753141235074,5
3gr2,0.8012286360407425,1
3gr2,0.7956028024040465,2
3gr2,0.8218319478932905,3
3gr2,0.8114327099297765,4
3gr2,0.7957073264887754,5
3gv9,0.7881448435150361,1
3gv9,0.7926059188004262,2
3gv9,0.803194749462239,3
3gv9,0.7876113482084931,4
3gv9,0.7880958956731622,5
3gy4,0.47441612542968314,1
3gy4,0.8163199027329641,2
3gy4,0.47222449103858744,3
3gy4,0.8255038760389258,4
3gy4,0.4800414736205031,5
3ivg,1.6578857048085203,1
3ivg,1.778336272242373,2
3ivg,1.7732021658256691,3
3ivg,1.7742398197506382,4
3ivg,1.7916463056914225,5
3jvr,2.0823747825463674,1
3jvr,1.9006371865232192,2
3jvr,1.8500408784160238,3
3jvr,1.9054457463424073,4
3jvr,1.9478148031291913,5
3jvs,1.6662508307617319,1
3jvs,1.7103993904225376,2
3jvs,1.839272042770374,3
3jvs,1.696271875399597,4
3jvs,1.6366246292906044,5
3jya,0.2301854046802781,1
3jya,0.2258472544924891,2
3jya,0.23165225792878175,3
3jya,0.22703644207355034,4
3jya,0.23523087585681676,5
3k5v,1.8717196656432815,1
3k5v,1.9566412626874226,2
3k5v,1.9580345599252087,3
3k5v,2.0082701313016202,4
3k5v,1.8784702893717597,5
3kgp,0.7005703763768054,1
3kgp,0.7100700282817772,2
3kgp,0.6930285778731881,3
3kgp,0.70232021104379,4
3kgp,0.7604904932046301,5
3kr8,0.8102432018881378,1
3kr8,0.8564444406218855,2
3kr8,0.7118621020858343,3
3kr8,0.711647669127897,4
3kr8,0.8040062582797776,5
3kwa,2.756512895486246,1
3kwa,2.2472895062004326,2
3kwa,2.660010309267932,3
3kwa,2.40995455599411,4
3kwa,2.4690745667582563,5
3l7b,0.44174958038098666,1
3l7b,0.4529612896670855,2
3l7b,0.445055530958377,3
3l7b,0.44764269766771586,4
3l7b,0.46385705968127555,5
3lka,1.05272156936804,1
3lka,1.0884470031407554,2
3lka,1.1217581493435858,3
3lka,1.0504137556990514,4
3lka,0.5932683128005861,5
3mss,2.6422261269739,1
3mss,2.362948026046702,2
3mss,2.366634300691623,3
3mss,2.5044427030875753,4
3mss,2.244002885128421,5
3myg,1.174964627281901,1
3myg,1.5460063473946055,2
3myg,1.6065479152602093,3
3myg,1.7729810988967454,4
3myg,1.406037447779479,5
3n76,1.104925928727013,1
3n7a,0.9658794243165377,1
3n7a,0.9738596297331843,2
3n7a,0.9529658301037979,3
3n7a,0.9629340794733309,4
3n7a,0.9941484944764551,5
3n86,1.1616098679230407,1
3n86,1.08130819195884,2
3n86,1.0824833802601643,3
3n86,1.156660116707887,4
3n86,1.0791921951634782,5
3nq9,1.2777174847774209,1
3nq9,1.2771375213170486,2
3nq9,1.2778825418534083,3
3nq9,1.279872051021247,4
3nq9,1.2688760911992043,5
3nw9,0.9749690187559054,1
3nw9,0.6032283736538626,2
3nw9,0.985394349692947,3
3nw9,0.9841537851501058,4
3nw9,0.6054715555843132,5
3nx7,1.2048681657367426,1
3nx7,1.0415157929937584,2
3nx7,1.1620427290304638,3
3nx7,1.1148204095049383,4
3nx7,1.2076480660217688,5
3o9i,0.8090557607789257,1
3o9i,1.1620072794952652,2
3o9i,0.8139219791692471,3
3o9i,0.6186317573291072,4
3o9i,0.8161196100934069,5
3oe4,0.8736777524405159,1
3oe4,0.7397469271762994,2
3oe4,0.7787362643522667,3
3oe4,0.8714343155725944,4
3oe4,0.7696462598949412,5
3oe5,1.1539580224826411,1
3oe5,1.4150256878115184,2
3oe5,1.1461075091402326,3
3oe5,1.3098331498460083,4
3oe5,1.4073371449072458,5
3ozs,1.488389263575912,1
3ozs,1.4886702470405038,2
3ozs,1.391088810692204,3
3ozs,1.3748269375019015,4
3ozs,1.4047271384333198,5
3ozt,1.3123873817599263,1
3ozt,1.3127501082897852,2
3ozt,1.0327355664965123,3
3ozt,1.317208764136024,4
3ozt,1.4132133304390737,5
3p5o,0.8946280577067015,1
3p5o,1.0164607634239469,2
3p5o,1.0244993804541516,3
3p5o,1.0227560080426559,4
3p5o,1.0201889403855948,5
3prs,3.6071074188855463,1
3prs,3.575293098488556,2
3prs,3.5777361643878445,3
3prs,3.64976165057989,4
3prs,3.5778320479742494,5
3pww,1.7723865629834017,1
3pww,1.7802955449336664,2
3pww,1.7526885268295829,3
3pww,1.7703657469320688,4
3pww,1.7518478701229836,5
3pxf,1.2487786512811383,1
3pxf,0.9265277975154078,2
3pxf,1.2498917424043707,3
3pxf,1.2353567892837247,4
3pxf,1.0173296556719826,5
3pyy,1.6329959123478717,1
3pyy,1.7367558628069306,2
3pyy,1.7288089110132603,3
3pyy,1.637046965542406,4
3pyy,1.7336950053647147,5
3qgy,2.184886343663921,1
3qgy,2.2375975357218865,2
3qgy,2.3534145153103854,3
3qgy,2.302512102416177,4
3qgy,2.2761687760766622,5
3qqs,2.3542778251851826,1
3qqs,2.4208882299663808,2
3qqs,2.4453116697717694,3
3qqs,2.5913195641396167,4
3qqs,2.3740020800265245,5
3r88,1.765867573629594,1
3r88,1.7715405464968275,2
3r88,1.7425897997972402,3
3r88,1.7626690193800283,4
3r88,1.828948232364739,5
3rlr,0.43186836443480203,1
3rlr,0.44260297436570933,2
3rlr,0.44742252607003424,3
3rlr,0.44361869725649417,4
3rlr,0.44193212444102037,5
3rr4,0.3180565212355433,1
3rr4,0.3118547505299827,2
3rr4,0.31910396858264756,3
3rr4,0.30606189982128473,4
3rr4,0.3052529644548881,5
3rsx,1.2216161680386834,1
3rsx,1.2068037789832433,2
3rsx,1.2100814148414194,3
3rsx,1.2040725737946394,4
3rsx,0.8278996251790542,5
3ryj,1.513614429193932,1
3ryj,1.1956458707088995,2
3ryj,1.3666268457116146,3
3ryj,1.3699760930658047,4
3ryj,1.442289385799481,5
3syr,0.3703360084747332,1
3syr,0.36306964036397565,2
3syr,0.3558760770024472,3
3syr,0.37140491728323405,4
3syr,0.3776136605389197,5
3tsk,1.5732761560303243,1
3tsk,1.6571058803609757,2
3tsk,1.8036911278153753,3
3tsk,1.8277405713179986,4
3tsk,1.6935511965542804,5
3twp,1.0584480565180934,1
3twp,1.0397684668234841,2
3twp,0.3003851210506866,3
3twp,0.2885522835601475,4
3twp,0.2871747037310324,5
3u5j,1.0608818553175197,1
3u5j,1.0554675986250177,2
3u5j,0.2846607800685172,3
3u5j,0.29079468706314526,4
3u5j,1.0622651617449361,5
3u8k,0.8057667059532864,1
3u8k,0.7978444386418578,2
3u8k,0.7929529207272649,3
3u8k,0.7997388845513579,4
3u8k,0.7962204934746392,5
3u8n,0.5725937087933174,1
3u8n,0.561386647579027,2
3u8n,0.5744617831620469,3
3u8n,0.5666354057289933,4
3u8n,0.5671461208416336,5
3u9q,1.3029411593827276,1
3u9q,1.435520644042478,2
3u9q,1.2739992770947126,3
3u9q,1.2654401205245276,4
3u9q,1.2206979592755394,5
3udh,0.4600711268370134,1
3udh,0.4604994071121316,2
3udh,0.4553170724226642,3
3udh,0.4624256118226997,4
3udh,0.4573643186436215,5
3ueu,0.9310093804144421,1
3ueu,0.949601358630615,2
3ueu,0.9637853675492706,3
3ueu,0.9316646888828184,4
3ueu,0.9465449033543251,5
3uev,0.674824298992687,1
3uev,0.8111875238679486,2
3uev,0.9075939296859387,3
3uev,0.9553089265258522,4
3uev,0.7942760147270778,5
3uew,1.1885616361810323,1
3uew,1.2571014883328857,2
3uew,1.1906109895949992,3
3uew,1.1201642787435775,4
3uew,1.1894240111839873,5
3uex,1.4333204102443644,1
3uex,1.2685011517929172,2
3uex,1.6600099739646812,3
3uex,1.5635600785255148,4
3uex,1.6027226918094606,5
3ui7,1.9533847503824424,1
3ui7,2.0562924321612663,2
3ui7,2.0610288835842057,3
3ui7,2.0532706147463253,4
3ui7,1.9600417960872463,5
3uo4,1.3132678938675675,1
3uo4,1.1394198799056603,2
3uo4,1.4510327143353374,3
3uo4,1.5529094661207592,4
3uo4,1.4522373137849245,5
3up2,0.9975670033699189,1
3up2,1.0782203873711294,2
3up2,1.4207799765136022,3
3up2,0.6243771207327061,4
3up2,1.1102329278423904,5
3uri,2.427907869788273,1
3uri,2.4198437611904993,2
3uri,2.662360483285092,3
3uri,2.7230828548542463,4
3uri,2.5883752186099827,5
3utu,2.6882719801402084,1
3utu,2.6605784606689102,2
3utu,2.6967499226197944,3
3utu,2.6152211040868902,4
3utu,2.5809664356903816,5
3uuo,1.242936315681782,1
3uuo,1.6250453253120125,2
3uuo,1.6167011216906484,3
3uuo,1.6131206099072342,4
3uuo,1.6062098973445533,5
3wtj,0.9531527212747655,1
3wtj,0.9546681098364977,2
3wtj,0.9465791548070989,3
3wtj,0.9422570777161077,4
3wtj,0.9517432356130423,5
3wz8,1.4766712070863068,1
3wz8,1.6551552736390365,2
3wz8,1.57177111891075,3
3wz8,1.6981714736385116,4
3wz8,1.5005385787554606,5
3zdg,1.5744064007873684,1
3zdg,1.6430228571638912,2
3zdg,1.6062441245475245,3
3zdg,1.806471665331884,4
3zdg,1.8148233514640575,5
3zso,3.1894018599864613,1
3zso,4.211896473634085,2
3zso,3.667759370811879,3
3zso,3.8968331997526504,4
3zso,3.861159294181401,5
3zsx,2.270272794634506,1
3zsx,1.6551322837764797,2
3zsx,1.2632900654427142,3
3zsx,2.5745873810778916,4
3zsx,2.605939264737844,5
4abg,0.9939732071826877,1
4abg,0.8690971811160995,2
4abg,0.7410478836844137,3
4abg,1.092390318827723,4
4abg,0.8845808581677733,5
4agn,1.3016670826807666,1
4agn,1.2215275242494892,2
4agn,1.1984897872113867,3
4agn,1.0636136340418394,4
4agn,1.2145243961569558,5
4agp,1.3692001183025102,1
4agp,1.289962828423571,2
4agp,1.1168770788443318,3
4agp,0.9833133139264436,4
4agp,1.39201520213727,5
4agq,1.2673584706816572,1
4agq,1.6478235778759847,2
4agq,1.507874625328997,3
4agq,1.2071526827971624,4
4agq,1.6586389954397973,5
4bkt,1.309090040862475,1
4bkt,1.3195298081454234,2
4bkt,1.3033190947774875,3
4bkt,1.4345549966190443,4
4bkt,1.1961514615182631,5
4cig,2.077804967302466,1
4cig,2.0206252751409135,2
4cig,2.011151381425633,3
4cig,1.6625612229718152,4
4cig,2.1266257466284313,5
4ciw,0.5575984076683288,1
4ciw,0.5641181238490767,2
4ciw,0.56378089802779,3
4ciw,0.5385697104883346,4
4ciw,0.5671144632391657,5
4cr9,0.19712756678593274,1
4cr9,0.20706602894535558,2
4cr9,0.20894932365399407,3
4cr9,0.2008886928322516,4
4cr9,0.19360460202363078,5
4cra,1.1408634043716683,1
4cra,0.9884685057776443,2
4cra,1.1371954434842353,3
4cra,1.1420475741004874,4
4cra,0.9913595533488369,5
4crc,1.2871703621546038,1
4crc,1.141930579279826,2
4crc,1.2642202908987583,3
4crc,1.2119409201866373,4
4crc,1.4731545005864957,5
4ddh,0.8772790395297537,1
4ddh,0.8689819347872295,2
4ddh,0.8621632598614307,3
4ddh,0.8742575832190703,4
4ddh,0.8662250452209789,5
4ddk,0.17333449991663066,1
4ddk,0.17058090391018163,2
4ddk,0.1640806497668968,3
4ddk,0.907018567110066,4
4ddk,0.9018134557565278,5
4de1,0.7752786080406564,1
4de1,0.7713981700877037,2
4de1,0.7722140892966374,3
4de1,0.7762231696323714,4
4de1,0.7775639291814743,5
4de2,1.6359279387410681,1
4de2,1.313434006796352,2
4de2,1.473622335410465,3
4de2,1.4628579040239618,4
4de2,1.3223966309324116,5
4de3,1.0797649286578388,1
4de3,1.0845994247457897,2
4de3,1.0834079503866165,3
4de3,1.0868399164257538,4
4de3,1.083125216641905,5
4djv,0.6090390845193444,1
4djv,0.6098582676532248,2
4djv,0.6133900236865755,3
4djv,0.609435039604549,4
4djv,0.613990212757337,5
4dld,0.9565298943405921,1
4dld,1.0079321884507848,2
4dld,1.0081353304543814,3
4dld,1.0128527589911156,4
4dld,1.0180451581521284,5
4dli,0.6825496368468618,1
4dli,0.6002514103112637,2
4dli,0.6829727830267159,3
4dli,0.7895272604009126,4
4dli,0.6874247561055941,5
4e5w,1.2713172027615234,1
4e5w,1.0923374790647113,2
4e5w,1.2840644574349427,3
4e5w,1.0992629257645774,4
4e5w,1.107129983449672,5
4e6q,1.1286475481931548,1
4e6q,1.1374858793207419,2
4e6q,1.0942793740805032,3
4e6q,0.969744813784028,4
4e6q,1.1120005820748509,5
4eky,0.5319601624890162,1
4eky,0.6372590139987885,2
4eky,0.6341246571501228,3
4eky,0.6343767157795848,4
4eky,0.6362349366329947,5
4eo8,1.3406149452127996,1
4eo8,1.2503674181624287,2
4eo8,1.3743575898454148,3
4eo8,1.089502117999331,4
4eo8,1.3820196694679026,5
4eor,1.1741751270615992,1
4eor,1.158828607836501,2
4eor,1.2425548688225785,3
4eor,1.1714251974867766,4
4eor,0.9165079053759544,5
4f09,0.8406615505119415,1
4f09,0.8319246949753503,2
4f09,0.8949511996010063,3
4f09,0.8347338122006768,4
4f09,0.8360830710531854,5
4f2w,0.601671247234985,1
4f2w,0.6020860710106889,2
4f2w,0.592443011957671,3
4f2w,0.5857252786242765,4
4f2w,0.6042470334966952,5
4f3c,0.7438020533590178,1
4f3c,0.7276458916118458,2
4f3c,0.733696770399002,3
4f3c,0.7319816013437596,4
4f3c,0.7485657753609833,5
4f9w,0.7694754194751949,1
4f9w,0.7617209727791732,2
4f9w,1.1679238640240526,3
4f9w,0.4379420762225291,4
4f9w,0.7627334263714305,5
4gfm,1.4323459836026289,1
4gfm,0.8326058541560886,2
4gfm,1.44091560102592,3
4gfm,0.8207466313131058,4
4gfm,1.433730113909858,5
4gid,1.044660603278109,1
4gid,1.1257323830715615,2
4gid,1.1049417827943502,3
4gid,1.2300755583248488,4
4gid,1.2584395521288827,5
4gkm,1.0905556336850442,1
4gkm,0.8401890331529395,2
4gkm,0.8312915971187899,3
4gkm,0.8344762389547391,4
4gkm,1.0865699747160078,5
4gr0,1.397624217801351,1
4gr0,1.2780474772859955,2
4gr0,1.3837712918576481,3
4gr0,1.378240199776808,4
4gr0,1.3490727181078124,5
4hge,0.5442266530245509,1
4hge,0.539414349338596,2
4hge,0.536985174469337,3
4hge,0.5481483829959092,4
4hge,0.5421035331580956,5
4ih5,1.9503020630828551,1
4ih5,1.8739701115580114,2
4ih5,2.1209112652859474,3
4ih5,1.9292130088318284,4
4ih5,1.9311699768506028,5
4ih7,1.0737149676750546,1
4ih7,1.0750300102047463,2
4ih7,1.3336981371683172,3
4ih7,1.075798637335383,4
4ih7,1.0758817598103574,5
4ivb,1.0543412052635985,1
4ivb,1.0619241037738538,2
4ivb,1.0492217788117921,3
4ivb,1.046518819125239,4
4ivb,1.088854624766562,5
4ivc,1.113218473495439,1
4ivc,1.1089420660545093,2
4ivc,1.1113543973944915,3
4ivc,1.1135430327387685,4
4ivc,1.1081081643226953,5
4ivd,1.1011772416135661,1
4ivd,1.1090795894611747,2
4ivd,1.0981039785593913,3
4ivd,1.102686267255451,4
4ivd,1.1041371936699227,5
4j21,0.41858226192682296,1
4j21,0.41845884326001487,2
4j21,0.4175623839343995,3
4j21,0.4162356035586432,4
4j21,0.4220481497285826,5
4j28,1.4230053660743396,1
4j28,0.6399217966344515,2
4j28,0.6981859334353919,3
4j28,0.6957855578841828,4
4j28,1.4926214890931753,5
4j3l,0.8967219252019208,1
4j3l,0.78379490723743,2
4j3l,0.9478551462510774,3
4j3l,0.9679898437008124,4
4j3l,0.7821876377171413,5
4jfs,0.8621352469339388,1
4jfs,1.142390120244256,2
4jfs,1.164427061003325,3
4jfs,1.2444102570879105,4
4jfs,1.2353978585539933,5
4jia,1.586073479938596,1
4jia,1.39479627668054,2
4jia,1.1515235558704184,3
4jia,1.117965647288975,4
4jia,1.4014111849602533,5
4jsz,0.49720859323389266,1
4jsz,1.2026509148559785,2
4jsz,1.2022035244492386,3
4jsz,0.4880322179876322,4
4jsz,0.49000384205899844,5
4jxs,1.505428230545101,1
4jxs,1.1034587856532598,2
4jxs,1.152338852225361,3
4jxs,1.5388657309440643,4
4jxs,1.4987876493176353,5
4k18,0.9085012553875202,1
4k18,0.9027238249308668,2
4k18,1.0029710744621299,3
4k18,0.9041930253856932,4
4k18,1.3064907175742915,5
4k77,0.9930491844520315,1
4k77,0.9984211784676361,2
4k77,0.9986751726638333,3
4k77,0.994899495743421,4
4k77,0.8988434107632168,5
4kz6,1.4965468654720366,1
4kz6,1.5116418130545781,2
4kz6,1.4935992380236376,3
4kz6,1.4993995829154252,4
4kz6,1.2987712390305133,5
4kzq,1.0700164538877077,1
4kzq,1.0830722475585912,2
4kzq,1.076793974313082,3
4kzq,1.069161465754868,4
4kzq,1.0860996578322626,5
4kzu,0.3274821001737642,1
4kzu,0.331785715689483,2
4kzu,1.1415676557065133,3
4kzu,0.32474590694850364,4
4kzu,1.1384241194868354,5
4llx,0.29499150533337365,1
4llx,0.7534584125158247,2
4llx,0.2897416989763515,3
4llx,0.08367165338614534,4
4llx,0.30560267267196917,5
4lzs,1.1703408914449676,1
4lzs,1.1768605320336205,2
4lzs,0.8573439157205178,3
4lzs,1.255029470673894,4
4lzs,0.821162479343503,5
4m0y,1.7955193398342049,1
4m0y,1.9116605373003372,2
4m0y,1.9103034903470697,3
4m0y,1.9152319895795493,4
4m0y,2.01618166288323,5
4m0z,2.3772203777016023,1
4m0z,2.1154773081901257,2
4m0z,2.7159988124141865,3
4m0z,2.2677612156657156,4
4m0z,2.3455323957142125,5
4mgd,2.873761919466527,1
4mgd,2.601845680015049,2
4mgd,2.730133983679961,3
4mgd,2.975717337840788,4
4mgd,2.778352370740666,5
4mme,1.0548180861940197,1
4mme,0.9219578870533145,2
4mme,1.447222572258367,3
4mme,1.302652437623812,4
4mme,1.4473743605659881,5
4mrw,0.14022137222476241,1
4mrw,0.4775122558106485,2
4mrw,0.27872233333917307,3
4mrw,0.1469936155868659,4
4mrw,0.144287985007085,5
4mrz,0.26294230755504483,1
4mrz,0.2650437450353563,2
4mrz,0.2573936808018048,3
4mrz,0.25801152594980276,4
4mrz,0.2661387175773167,5
4msc,1.405158575228501,1
4msc,1.4040437684767735,2
4msc,1.3966160393560176,3
4msc,1.400723954532215,4
4msc,1.4059685187487112,5
4msn,1.0399922776691586,1
4msn,1.0456192251641245,2
4msn,1.0419893315281503,3
4msn,1.0469511145914472,4
4msn,1.0404712150232152,5
4ogj,1.920621733602325,1
4ogj,1.8589284511329536,2
4ogj,1.7502198185017244,3
4ogj,2.4339945673119785,4
4ogj,1.5339214422763192,5
4owm,0.9275613048380476,1
4owm,0.9317317720907571,2
4owm,0.2876115127097181,3
4owm,0.2888267542092796,4
4owm,0.9367558518319927,5
4pcs,0.5606037984869673,1
4pcs,0.5434566245698432,2
4pcs,1.3225721563312482,3
4pcs,0.5563253082478475,4
4pcs,1.3353472513498053,5
4qac,1.2791190348978536,1
4qac,1.5155817852314608,2
4qac,1.394489234741548,3
4qac,1.4080816107367808,4
4qac,1.1696713146666904,5
4qd6,4.112861786538388,1
4qd6,4.0710928830256785,2
4qd6,4.130017482693638,3
4qd6,4.211415604457539,4
4qd6,4.154237446747935,5
4rfm,2.1784029028077203,1
4rfm,1.734503096611679,2
4rfm,1.7316080291029199,3
4rfm,1.6065467435233518,4
4rfm,1.9254057019440847,5
4tmn,1.8545596772199922,1
4tmn,3.1837359596884465,2
4tmn,3.074299719590558,3
4tmn,2.1410841121250344,4
4tmn,1.9666264701152538,5
4twp,0.808919823520656,1
4twp,1.1437209649506024,2
4twp,1.1365149705228932,3
4twp,1.1374199358135595,4
4twp,0.7719154590484354,5
4ty7,1.3445917575667865,1
4ty7,1.0510082925213315,2
4ty7,0.86030192888641,3
4ty7,1.407310463820057,4
4ty7,1.5081272419194531,5
4u4s,0.5307682630233622,1
4u4s,0.5357659116704807,2
4u4s,1.0986197384049372,3
4u4s,1.1230789425601366,4
4u4s,1.1256900731004655,5
4w9c,1.5821506911168937,1
4w9c,1.6987844258865406,2
4w9c,1.25272502965937,3
4w9c,1.468327017313759,4
4w9c,1.4219301434721598,5
4w9h,1.4998390558556178,1
4w9h,1.3841247848782152,2
4w9h,1.5009431681461813,3
4w9h,1.4600187791331152,4
4w9h,1.3597320905919617,5
4w9i,1.8403666664533194,1
4w9i,1.7570408383309184,2
4w9i,1.832277666398381,3
4w9i,1.8502404596346458,4
4w9i,1.8403963228706155,5
4w9l,1.6538643560574886,1
4w9l,1.7100118876714498,2
4w9l,1.6989766362154453,3
4w9l,1.6092053775095756,4
4w9l,1.745291382845984,5
4wiv,2.3372329122533926,1
4wiv,1.4022422934674046,2
4wiv,0.9404618639300166,3
4wiv,1.1119942758037826,4
4wiv,1.3061849418429563,5
4x6p,0.8227595248746922,1
4x6p,0.8218144409681909,2
4x6p,1.0792344718595426,3
4x6p,0.8240241168347457,4
4x6p,0.8385992537167298,5
5a7b,1.540290548073877,1
5a7b,1.5114113652325458,2
5a7b,1.3432548833703792,3
5a7b,1.6870569305754914,4
5a7b,1.2722075442207463,5
5aba,1.1649529568122985,1
5aba,1.5932678316208169,2
5aba,1.5905116684806413,3
5aba,1.436774387777189,4
5aba,1.6512103849458255,5
5c1w,0.6247277826691857,1
5c1w,0.7562670225422413,2
5c1w,0.8174392912043914,3
5c1w,0.6131211138160061,4
5c1w,0.4403151023341664,5
5c28,0.604684222908781,1
5c28,0.5828591924900773,2
5c28,0.6117343360612398,3
5c28,0.6112832640650171,4
5c28,0.613854038323299,5
5c2h,1.0595796979426155,1
5c2h,1.0546228748676036,2
5c2h,1.0617168554093557,3
5c2h,1.2597173841106308,4
5c2h,1.0646429288027583,5
5dwr,0.7612488981630632,1
5dwr,0.7572333166346219,2
5dwr,0.7564527886745724,3
5dwr,0.7579334123028382,4
5dwr,0.7520467150019295,5
5tmn,1.5817310716228365,1
5tmn,1.7144240811325224,2
5tmn,1.4257987859697916,3
5tmn,1.6808766284220524,4
5tmn,1.5549944192679663,5
