protein_name,compound_name,min_rmsd,affinity,top5_success,top2_success,n_predictions,total_poses_generated,rmsd_rank_1,rmsd_rank_2,rmsd_rank_3,rmsd_rank_4,rmsd_rank_5
1a30,1a30,3.0681850910186768,5.950624942779541,1.0,0.0,5,15,3.195661783218384,3.0681850910186768,3.25058650970459,3.1618294715881348,3.2595229148864746
1bcu,1bcu,2.2237977981567383,3.444812536239624,1.0,0.0,5,25,2.2237977981567383,2.697181463241577,2.759693145751953,2.411864995956421,2.513160467147827
1bzc,1bzc,1.9942618608474731,7.165501594543457,1.0,1.0,5,25,1.9942618608474731,2.1231939792633057,2.3488380908966064,2.423604726791382,3.499462604522705
1c5z,1c5z,0.41908830404281616,3.3110175132751465,1.0,1.0,5,25,0.41908830404281616,0.9341521859169006,0.9503647685050964,0.4294775128364563,0.43645569682121277
1e66,1e66,0.8269482851028442,7.968671798706055,1.0,1.0,5,25,0.8332350254058838,0.8357505798339844,0.8269482851028442,0.8392941355705261,0.8313538432121277
1eby,1eby,4.035096645355225,10.01380729675293,1.0,0.0,5,10,4.035096645355225,4.823714256286621,4.471597671508789,4.73881196975708,5.0760884284973145
1gpk,1gpk,0.6662668585777283,6.138849258422852,1.0,1.0,5,25,0.6800128817558289,0.6713852286338806,0.6767303347587585,0.6662668585777283,0.6800376176834106
1gpn,1gpn,2.1847922801971436,5.897121429443359,1.0,0.0,5,25,2.19075608253479,2.1921253204345703,2.190049409866333,2.1847922801971436,2.189070463180542
1h22,1h22,5.74536657333374,8.457833290100098,0.0,0.0,5,25,6.5715203285217285,6.38098669052124,5.74536657333374,5.889352321624756,6.526795864105225
1h23,1h23,5.614339351654053,8.681385040283203,0.0,0.0,5,25,6.524695873260498,5.614339351654053,6.310046672821045,6.407163143157959,6.563215255737305
1k1i,1k1i,1.6364152431488037,6.547600746154785,1.0,1.0,5,25,1.6485458612442017,1.6364152431488037,1.6873750686645508,1.69564688205719,3.7183823585510254
1lpg,1lpg,2.252467155456543,8.28908920288086,1.0,0.0,5,25,2.252467155456543,2.2689571380615234,2.2663204669952393,2.2707901000976562,2.4303689002990723
1mq6,1mq6,1.6646664142608643,9.140193939208984,1.0,1.0,5,25,1.899788498878479,1.926637053489685,1.9149580001831055,1.7480556964874268,1.6646664142608643
1nc1,1nc1,0.7825498580932617,7.5394744873046875,1.0,1.0,5,25,0.7899406552314758,0.7849718928337097,0.7969157695770264,0.7825498580932617,0.7930563688278198
1nc3,1nc3,0.9807798862457275,6.628948211669922,1.0,1.0,5,25,0.9857394099235535,0.9878047108650208,0.9807798862457275,0.9860796928405762,0.9870257377624512
1nvq,1nvq,0.7437785267829895,9.231600761413574,1.0,1.0,5,25,0.7504144906997681,0.7437785267829895,0.7490065693855286,0.7548863291740417,0.7478688359260559
1o0h,1o0h,2.338169813156128,5.530644416809082,1.0,0.0,5,25,2.3682596683502197,2.372955322265625,2.3508894443511963,2.3619332313537598,2.338169813156128
1o3f,1o3f,0.8164700865745544,7.74252986907959,1.0,1.0,5,25,1.0869452953338623,1.0763814449310303,0.8164700865745544,0.8226170539855957,1.0865824222564697
1o5b,1o5b,0.2910704016685486,4.180906295776367,1.0,1.0,5,25,0.8433361053466797,0.8732205629348755,0.8499835729598999,0.8695945739746094,0.2910704016685486
1owh,1owh,0.4457035958766937,6.583187103271484,1.0,1.0,5,25,0.4457035958766937,1.080751657485962,1.0109682083129883,1.0780837535858154,1.0868690013885498
1oyt,1oyt,0.9032599925994873,8.096053123474121,1.0,1.0,5,25,0.9032599925994873,1.3322802782058716,1.405460238456726,1.557645320892334,1.3437893390655518
1p1n,1p1n,1.3446719646453857,7.733245849609375,1.0,1.0,5,25,1.3475556373596191,1.3446719646453857,1.3547996282577515,1.3501406908035278,1.354493498802185
1p1q,1p1q,0.5606208443641663,6.860673904418945,1.0,1.0,5,25,0.5606208443641663,0.5643987059593201,0.5705083608627319,0.570484459400177,0.7611327171325684
1ps3,1ps3,0.6709427237510681,4.647767543792725,1.0,1.0,5,25,0.6709427237510681,0.6798808574676514,0.70693439245224,0.684585690498352,0.6906043291091919
1pxn,1pxn,0.46487393975257874,7.349255561828613,1.0,1.0,5,25,1.1125720739364624,0.46487393975257874,1.1124777793884277,0.4707220494747162,1.1211869716644287
1q8t,1q8t,0.8435201048851013,5.632122993469238,1.0,1.0,5,25,0.8435201048851013,1.3983515501022339,0.9422800540924072,1.100891351699829,1.404870867729187
1q8u,1q8u,1.1469606161117554,7.431179046630859,1.0,1.0,5,25,1.4505009651184082,1.450477957725525,1.3025405406951904,1.447536826133728,1.1469606161117554
1qf1,1qf1,1.592028260231018,6.249520301818848,1.0,1.0,5,25,1.6542373895645142,1.9346914291381836,1.8450428247451782,1.5921306610107422,1.592028260231018
1qkt,1qkt,0.4047798812389374,7.392483711242676,1.0,1.0,5,25,0.40944141149520874,0.4047798812389374,0.4281724691390991,1.173349142074585,1.187127947807312
1r5y,1r5y,0.2603648900985718,6.2178778648376465,1.0,1.0,5,25,0.26602593064308167,0.2607196867465973,0.2622373402118683,0.26620253920555115,0.2603648900985718
1s38,1s38,0.15643952786922455,6.173279762268066,1.0,1.0,5,25,0.1703719049692154,0.15643952786922455,0.17705507576465607,0.17003251612186432,0.1713324338197708
1sqa,1sqa,1.1997181177139282,7.203907012939453,1.0,1.0,5,25,1.5642743110656738,1.4898847341537476,1.2351415157318115,1.1997181177139282,1.5720365047454834
1syi,1syi,0.6885653138160706,7.193637847900391,1.0,1.0,5,25,0.6917667984962463,0.6933978796005249,0.6928499341011047,0.6947737336158752,0.6885653138160706
1u1b,1u1b,2.7095587253570557,7.392280578613281,1.0,0.0,5,20,2.774568557739258,3.0160717964172363,2.7771341800689697,2.865968704223633,2.7095587253570557
1uto,1uto,0.7223251461982727,3.1441757678985596,1.0,1.0,5,25,0.7721524238586426,0.7714861035346985,0.7378517389297485,0.7414669990539551,0.7223251461982727
1vso,1vso,1.3548375368118286,5.511935234069824,1.0,1.0,5,25,1.3548375368118286,1.39634370803833,1.4009230136871338,1.4149389266967773,1.4273464679718018
1w4o,1w4o,1.3654093742370605,4.763385772705078,1.0,1.0,5,25,1.3654093742370605,1.4557005167007446,1.44392728805542,1.4525870084762573,1.4412434101104736
1y6r,1y6r,0.7102348804473877,9.505523681640625,1.0,1.0,5,25,0.7167172431945801,0.7201318740844727,0.7102348804473877,0.7188391089439392,0.7314502596855164
1yc1,1yc1,0.9844374060630798,7.645438194274902,1.0,1.0,5,25,0.9844374060630798,1.1364209651947021,1.1230233907699585,1.1198433637619019,0.9864692091941833
1ydr,1ydr,0.8350312113761902,7.416038513183594,1.0,1.0,5,25,0.8350312113761902,1.0367108583450317,1.0344820022583008,1.0327190160751343,0.8366020917892456
1ydt,1ydt,0.911327600479126,7.406330108642578,1.0,1.0,5,25,0.911327600479126,1.1111992597579956,1.279460072517395,1.1488511562347412,0.9515476226806641
1z6e,1z6e,0.9050994515419006,10.128351211547852,1.0,1.0,5,25,1.0846455097198486,1.035967230796814,1.0728555917739868,0.9298116564750671,0.9050994515419006
1z95,1z95,1.1470142602920532,9.177021980285645,1.0,1.0,5,25,1.1470142602920532,1.497889518737793,1.2597506046295166,1.2444400787353516,1.4634758234024048
1z9g,1z9g,1.741934061050415,5.862494468688965,1.0,1.0,5,25,1.8785732984542847,1.741934061050415,1.863613486289978,1.958247184753418,1.8418704271316528
2al5,2al5,0.6350774765014648,7.1001691818237305,1.0,1.0,5,25,0.6412142515182495,0.6350774765014648,0.6435123682022095,0.648647665977478,0.6442196369171143
2br1,2br1,0.9010580778121948,7.711904525756836,1.0,1.0,5,25,1.3345435857772827,1.1893322467803955,1.188713550567627,0.9010580778121948,1.242875337600708
2brb,2brb,0.840410590171814,6.665584564208984,1.0,1.0,5,25,0.840410590171814,1.2572402954101562,0.8460254669189453,0.8945661783218384,0.8985577821731567
2c3i,2c3i,1.1390362977981567,8.114648818969727,1.0,1.0,5,25,1.297819972038269,1.3117132186889648,1.1390362977981567,1.3441373109817505,1.3055769205093384
2cbv,2cbv,1.2100279331207275,6.1291422843933105,1.0,1.0,5,25,1.2100279331207275,1.2176300287246704,1.2166109085083008,1.216380000114441,1.2211790084838867
2cet,2cet,1.422042727470398,7.539523124694824,1.0,1.0,5,25,1.4239513874053955,1.574223518371582,1.422042727470398,1.4234532117843628,1.589619517326355
2fvd,2fvd,1.2088688611984253,7.52977180480957,1.0,1.0,5,25,1.2088688611984253,1.2701380252838135,1.2864855527877808,1.3607114553451538,1.2897406816482544
2fxs,2fxs,2.4369823932647705,7.173084259033203,1.0,0.0,5,15,2.4962873458862305,2.4844017028808594,2.490633487701416,2.497739315032959,2.4369823932647705
2hb1,2hb1,1.0874536037445068,4.034250736236572,1.0,1.0,5,25,1.0874536037445068,1.1798100471496582,1.2207521200180054,1.245044469833374,1.1802756786346436
2iwx,2iwx,1.2995003461837769,6.511941909790039,1.0,1.0,5,15,1.3034251928329468,1.3141063451766968,1.2995003461837769,1.316986083984375,1.3837125301361084
2j78,2j78,0.2799067497253418,6.384452819824219,1.0,1.0,5,25,0.3806857168674469,0.2799067497253418,0.3602699637413025,0.3749346137046814,0.6170252561569214
2j7h,2j7h,0.5897166132926941,6.916950225830078,1.0,1.0,5,25,0.621739387512207,0.608201265335083,0.5937274098396301,0.5897166132926941,0.6066505312919617
2p15,2p15,0.7495092749595642,8.61067008972168,1.0,1.0,5,25,0.7930828928947449,0.9193582534790039,0.7495092749595642,0.7848902940750122,0.7840017080307007
2p4y,2p4y,2.452596426010132,8.560942649841309,1.0,0.0,5,25,2.539545774459839,2.452596426010132,2.4606215953826904,2.462883949279785,2.554399013519287
2pog,2pog,0.7482967972755432,7.580142021179199,1.0,1.0,5,25,0.7522010803222656,0.7641427516937256,0.7482967972755432,0.7514175176620483,0.7535812854766846
2qbp,2qbp,1.4015882015228271,7.639721870422363,1.0,1.0,5,25,1.4015882015228271,1.5388230085372925,1.6500405073165894,1.5153096914291382,1.5652905702590942
2qbq,2qbq,1.6202608346939087,6.9031476974487305,1.0,1.0,5,25,1.9302293062210083,2.08113431930542,1.958663821220398,1.6202608346939087,1.9692174196243286
2qbr,2qbr,1.099857211112976,6.730374336242676,1.0,1.0,5,25,1.4311633110046387,1.3818504810333252,1.3974522352218628,1.1215108633041382,1.099857211112976
2qe4,2qe4,1.349071741104126,7.267670631408691,1.0,1.0,5,25,1.367272138595581,1.349071741104126,1.372041940689087,1.6811275482177734,1.5656919479370117
2qnq,2qnq,2.6154494285583496,8.350153923034668,1.0,0.0,5,25,3.9932572841644287,3.536064624786377,3.5310280323028564,4.016945838928223,2.6154494285583496
2r9w,2r9w,0.9464256763458252,4.837737083435059,1.0,1.0,5,25,1.829957365989685,1.8333359956741333,1.8397034406661987,1.0225045680999756,0.9464256763458252
2v00,2v00,0.9905246496200562,4.271450042724609,1.0,1.0,5,25,1.4025580883026123,0.9914637804031372,0.9979657530784607,0.9956797361373901,0.9905246496200562
2v7a,2v7a,1.7733161449432373,8.242959976196289,1.0,1.0,5,25,2.0143702030181885,1.7733161449432373,2.00827693939209,2.013685941696167,1.9016205072402954
2vkm,2vkm,0.8138794302940369,8.978543281555176,1.0,1.0,5,25,1.2264659404754639,1.1449650526046753,0.8138794302940369,0.9327839016914368,0.8881208896636963
2vvn,2vvn,0.7686023116111755,7.453069686889648,1.0,1.0,5,25,0.7784544229507446,0.7686023116111755,0.7729719281196594,0.7799978256225586,0.7755547761917114
2vw5,2vw5,,6.952037811279297,,,5,25,,,,,
2w4x,2w4x,1.3508074283599854,6.219366073608398,1.0,1.0,5,25,1.3508074283599854,1.3766508102416992,1.3784199953079224,1.377290964126587,1.3686336278915405
2w66,2w66,1.3776776790618896,6.957843780517578,1.0,1.0,5,25,1.3836297988891602,1.3981268405914307,1.3850654363632202,1.3776776790618896,1.3882147073745728
2wbg,2wbg,1.8276827335357666,6.676240921020508,1.0,1.0,5,25,1.8549200296401978,1.8276827335357666,1.8652772903442383,2.0864202976226807,1.8447110652923584
2wca,2wca,1.7329552173614502,6.400789260864258,1.0,1.0,5,25,1.9682573080062866,1.9689445495605469,1.7885327339172363,1.7471908330917358,1.7329552173614502
2weg,2weg,1.057913899421692,6.882412910461426,1.0,1.0,5,25,1.0614393949508667,1.068402647972107,1.0768308639526367,1.0586061477661133,1.057913899421692
2wer,2wer,1.1882587671279907,5.326517105102539,1.0,1.0,5,20,1.202344536781311,1.1882587671279907,1.195327639579773,1.2044322490692139,1.1897248029708862
2wn9,2wn9,1.2550047636032104,7.874575614929199,1.0,1.0,5,25,1.2606271505355835,1.2580935955047607,1.2691097259521484,1.2550047636032104,1.2593481540679932
2wnc,2wnc,1.2214951515197754,7.131218910217285,1.0,1.0,5,25,1.7978012561798096,1.807379126548767,1.625561237335205,1.3892717361450195,1.2214951515197754
2wtv,2wtv,0.8741430640220642,8.445852279663086,1.0,1.0,5,25,1.6009345054626465,1.4695409536361694,1.686599612236023,1.4636144638061523,0.8741430640220642
2wvt,2wvt,0.6725347638130188,5.994513988494873,1.0,1.0,5,25,0.6725347638130188,1.0466617345809937,0.9177091717720032,0.8458815813064575,1.9093540906906128
2x00,2x00,,9.617091178894043,,,5,25,,,,,
2xb8,2xb8,1.0109812021255493,7.001950263977051,1.0,1.0,5,25,1.015971064567566,1.0109812021255493,1.0274147987365723,1.0186469554901123,1.0294525623321533
2xbv,2xbv,1.2596770524978638,9.586278915405273,1.0,1.0,5,25,1.2913652658462524,1.2755850553512573,1.2654966115951538,1.2596770524978638,1.277812123298645
2xdl,2xdl,0.8870806097984314,5.28725528717041,1.0,1.0,5,25,0.9033450484275818,0.8959774374961853,0.8993210196495056,0.9005652666091919,0.8870806097984314
2xii,2xii,1.7445604801177979,7.096366882324219,1.0,1.0,5,25,2.0721347332000732,2.0940866470336914,1.7445604801177979,2.5300421714782715,2.150181531906128
2xj7,2xj7,0.9725330471992493,7.214874267578125,1.0,1.0,5,25,0.9793655872344971,0.9925341606140137,0.9919291138648987,0.9725330471992493,0.9994663000106812
2xnb,2xnb,0.4282110035419464,7.923505783081055,1.0,1.0,5,25,1.360095739364624,1.0141419172286987,0.4282110035419464,1.014292597770691,1.0163100957870483
2xys,2xys,1.3746986389160156,7.6294050216674805,1.0,1.0,5,25,1.3751112222671509,1.3814905881881714,1.3746986389160156,1.3906017541885376,1.3819721937179565
2y5h,2y5h,1.589250922203064,8.605870246887207,1.0,1.0,5,25,1.5997422933578491,1.590061902999878,1.5973483324050903,1.7033292055130005,1.589250922203064
2yfe,2yfe,2.1455445289611816,5.848444938659668,1.0,0.0,5,25,2.1455445289611816,2.1797420978546143,2.1717677116394043,2.1966075897216797,2.267791986465454
2yge,2yge,,6.778408050537109,,,5,10,,,,,
2yki,2yki,1.2741682529449463,8.17265510559082,1.0,1.0,5,25,1.3226557970046997,1.2741682529449463,1.3232744932174683,1.326851725578308,1.4417660236358643
2ymd,2ymd,0.8173511028289795,5.7878031730651855,1.0,1.0,5,25,0.8235299587249756,0.8250953555107117,0.8281316161155701,0.8173511028289795,0.8201486468315125
2zb1,2zb1,0.5018471479415894,7.773105621337891,1.0,1.0,5,25,0.5025812983512878,1.09739089012146,0.58188796043396,0.591471791267395,0.5018471479415894
2zcq,2zcq,1.5295355319976807,6.821866989135742,1.0,1.0,5,25,1.5295355319976807,1.8651927709579468,1.6137100458145142,1.6751772165298462,1.6548384428024292
2zcr,2zcr,1.5015084743499756,7.285920143127441,1.0,1.0,5,25,1.5015084743499756,1.8570595979690552,1.9207985401153564,1.867583155632019,1.611016035079956
2zda,2zda,0.6839904189109802,7.921870231628418,1.0,1.0,5,25,1.0986008644104004,0.6839904189109802,1.1132795810699463,1.2452707290649414,1.0125839710235596
2zy1,2zy1,1.9566569328308105,6.211276054382324,1.0,1.0,5,25,2.0189902782440186,1.9866125583648682,2.050229787826538,1.9566569328308105,1.98788583278656
3acw,3acw,1.4282219409942627,6.185443878173828,1.0,1.0,5,25,1.552534580230713,1.7225421667099,1.7346391677856445,1.5532796382904053,1.4282219409942627
3ag9,3ag9,4.966991901397705,7.045907974243164,1.0,0.0,5,25,5.534282207489014,5.491706371307373,5.2343363761901855,5.57773494720459,4.966991901397705
3ao4,3ao4,1.205593228340149,3.0499160289764404,1.0,1.0,5,25,1.209467887878418,1.2115896940231323,1.205593228340149,1.214776873588562,1.207771897315979
3arp,3arp,6.058034420013428,6.7300214767456055,0.0,0.0,5,25,6.525392532348633,6.5192036628723145,6.164365291595459,6.559379577636719,6.058034420013428
3arq,3arq,1.3457273244857788,6.454689979553223,1.0,1.0,5,25,1.3986159563064575,1.3457273244857788,1.544764518737793,1.9298489093780518,2.2830145359039307
3aru,3aru,0.7565762996673584,5.006875991821289,1.0,1.0,5,25,0.7771316170692444,0.7716795206069946,0.7565762996673584,0.794406533241272,0.910183846950531
3arv,3arv,3.6292009353637695,5.152101516723633,1.0,0.0,5,25,3.6292009353637695,3.6296846866607666,3.635075092315674,3.647096633911133,3.635204315185547
3ary,3ary,1.0528550148010254,4.8871588706970215,1.0,1.0,5,25,1.402190089225769,1.4113951921463013,1.0528550148010254,1.4051110744476318,1.4380004405975342
3b1m,3b1m,1.2037540674209595,7.727828025817871,1.0,1.0,5,25,1.2726714611053467,1.2733943462371826,1.2037540674209595,1.3220932483673096,1.2942066192626953
3b27,3b27,0.29870063066482544,6.294445037841797,1.0,1.0,5,25,0.29870063066482544,0.30297619104385376,0.30758360028266907,0.3015127182006836,0.3047562837600708
3b5r,3b5r,0.8869296312332153,9.09420108795166,1.0,1.0,5,25,1.055307388305664,0.9217110872268677,1.0621669292449951,1.0679112672805786,0.8869296312332153
3b65,3b65,0.6897754669189453,8.598614692687988,1.0,1.0,5,25,0.8386517763137817,0.6897754669189453,1.1234219074249268,1.1160415410995483,0.8399456739425659
3b68,3b68,1.1424137353897095,8.880837440490723,1.0,1.0,5,25,1.4528714418411255,1.3682719469070435,1.4188176393508911,1.1424137353897095,1.4830302000045776
3bgz,3bgz,0.44253143668174744,7.289159774780273,1.0,1.0,5,25,1.432344913482666,1.4304956197738647,0.44253143668174744,1.4257822036743164,1.06240975856781
3bv9,3bv9,2.747138261795044,8.820771217346191,1.0,0.0,5,25,2.9210879802703857,2.771660566329956,2.8363869190216064,2.747138261795044,2.8333771228790283
3cj4,3cj4,1.6200205087661743,5.602252006530762,1.0,1.0,5,25,1.9680681228637695,2.0946671962738037,1.6200205087661743,1.9462311267852783,2.371825933456421
3coy,3coy,1.1548848152160645,5.590409278869629,1.0,1.0,5,25,1.1548848152160645,1.1868222951889038,1.3297547101974487,1.299034833908081,1.3504321575164795
3coz,3coz,1.005803108215332,5.496197700500488,1.0,1.0,5,25,1.0113869905471802,1.005803108215332,1.171054720878601,1.1945257186889648,1.1732443571090698
3cyx,3cyx,1.0601825714111328,9.486379623413086,1.0,1.0,5,25,1.1426877975463867,1.1874338388442993,1.0601825714111328,1.072378396987915,1.1078413724899292
3d4z,3d4z,0.5491539239883423,5.703925132751465,1.0,1.0,5,25,0.5959458947181702,0.5627496242523193,0.5491539239883423,0.5808512568473816,0.5525627136230469
3d6q,3d6q,0.7114918231964111,4.044038772583008,1.0,1.0,5,25,0.7114918231964111,1.2102516889572144,1.2402383089065552,1.1777353286743164,1.2469927072525024
3dd0,3dd0,0.5517834424972534,8.202967643737793,1.0,1.0,5,20,0.9033352732658386,1.2001221179962158,0.5517834424972534,0.9004693627357483,1.1914451122283936
3dx1,3dx1,0.6571335196495056,5.168459892272949,1.0,1.0,5,25,0.6655168533325195,0.6706764101982117,0.6639585494995117,0.6666141748428345,0.6571335196495056
3dx2,3dx2,0.7031861543655396,5.302871227264404,1.0,1.0,5,25,1.2095296382904053,1.2277894020080566,0.7039536237716675,0.7031861543655396,1.2078449726104736
3dxg,3dxg,1.801344633102417,4.317221641540527,1.0,1.0,5,25,1.9257721900939941,1.801344633102417,1.9433574676513672,1.9472227096557617,1.9735915660858154
3e5a,3e5a,1.208467960357666,8.86709213256836,1.0,1.0,5,25,1.3810926675796509,1.3277454376220703,1.4003653526306152,1.3394606113433838,1.208467960357666
3e92,3e92,0.876219630241394,8.10181713104248,1.0,1.0,5,25,0.8842188119888306,0.8930885791778564,0.876219630241394,0.8874410390853882,0.8789875507354736
3e93,3e93,0.439166396856308,7.66713809967041,1.0,1.0,5,25,0.5495927929878235,0.9422345161437988,0.47385165095329285,0.9830984473228455,0.439166396856308
3ebp,3ebp,1.2483396530151367,5.360267639160156,1.0,1.0,5,25,1.2816202640533447,1.2483396530151367,1.2857035398483276,1.2777156829833984,1.27753484249115
3ehy,3ehy,0.9317941665649414,7.1387128829956055,1.0,1.0,5,25,1.231971025466919,0.9317941665649414,1.2895467281341553,1.0601235628128052,0.9373227953910828
3ejr,3ejr,1.6567374467849731,6.755046844482422,1.0,1.0,5,25,1.787429690361023,1.9402637481689453,1.8145381212234497,1.8037352561950684,1.6567374467849731
3f3a,3f3a,0.6272159218788147,6.024805068969727,1.0,1.0,5,25,0.6342432498931885,0.6288462281227112,0.6305371522903442,0.6272159218788147,0.7546469569206238
3f3c,3f3c,0.6158918738365173,6.661988258361816,1.0,1.0,5,25,1.1542003154754639,0.6267558336257935,0.617933452129364,0.6158918738365173,0.6341211795806885
3f3d,3f3d,0.832489550113678,7.781235694885254,1.0,1.0,5,25,0.832489550113678,1.0337920188903809,1.024328351020813,1.0238479375839233,1.0197445154190063
3f3e,3f3e,0.5591803193092346,7.867802619934082,1.0,1.0,5,25,0.5694847702980042,1.20807945728302,0.5591803193092346,1.2098701000213623,1.214163064956665
3fcq,3fcq,1.293953537940979,3.77895450592041,1.0,1.0,5,25,1.293953537940979,1.3678356409072876,1.2948881387710571,1.4927363395690918,1.5030930042266846
3fur,3fur,1.5006225109100342,6.981365203857422,1.0,1.0,5,25,1.9754444360733032,1.896452784538269,1.9791357517242432,1.97427237033844,1.5006225109100342
3fv1,3fv1,0.8797591328620911,8.701133728027344,1.0,1.0,5,25,0.8860309720039368,0.8863031268119812,0.8797591328620911,0.8887408375740051,0.8890133500099182
3fv2,3fv2,0.9150075912475586,8.418122291564941,1.0,1.0,5,25,0.9204990267753601,0.9177160859107971,0.9150075912475586,0.9243100881576538,0.9321333765983582
3g0w,3g0w,1.6867955923080444,9.111188888549805,1.0,1.0,5,25,1.6867955923080444,1.828818440437317,1.818758487701416,1.8258883953094482,1.7605661153793335
3g2n,3g2n,0.49263426661491394,4.347550392150879,1.0,1.0,5,25,0.4948100745677948,0.49981358647346497,0.49263426661491394,0.49443694949150085,0.4940858483314514
3g2z,3g2z,0.46610283851623535,2.494568347930908,1.0,1.0,5,25,0.6316200494766235,0.6444847583770752,0.5952160954475403,0.46610283851623535,0.6410214900970459
3g31,3g31,1.4166151285171509,2.8572936058044434,1.0,1.0,5,25,1.5692003965377808,1.515557885169983,1.4166151285171509,1.6988624334335327,1.4171655178070068
3gbb,3gbb,1.4078700542449951,8.180163383483887,1.0,1.0,5,25,1.5187329053878784,1.4149775505065918,1.4162689447402954,1.4168246984481812,1.4078700542449951
3gc5,3gc5,0.4795389771461487,7.8061628341674805,1.0,1.0,5,25,0.4795389771461487,0.49600541591644287,0.49399587512016296,0.48599928617477417,0.4899831712245941
3ge7,3ge7,1.069250226020813,8.607623100280762,1.0,1.0,5,25,1.1394256353378296,1.07088041305542,1.144490122795105,1.1435530185699463,1.069250226020813
3gnw,3gnw,0.9616073966026306,7.825972557067871,1.0,1.0,5,25,1.2280457019805908,1.3264899253845215,1.3043501377105713,0.9616073966026306,1.2227994203567505
3gr2,3gr2,0.7900694012641907,3.3747849464416504,1.0,1.0,5,25,0.8010476231575012,0.7900694012641907,0.8160572052001953,0.8158316016197205,0.8336571455001831
3gv9,3gv9,0.7816378474235535,2.004368782043457,1.0,1.0,5,25,0.7816378474235535,0.7889086008071899,0.7907654643058777,0.7920855283737183,0.9115414023399353
3gy4,3gy4,0.46845877170562744,3.4345436096191406,1.0,1.0,5,25,0.8156142234802246,0.46853548288345337,0.46915045380592346,0.46845877170562744,0.814305305480957
3ivg,3ivg,1.6517012119293213,5.870120048522949,1.0,1.0,5,25,1.6517012119293213,1.6670833826065063,1.769389271736145,1.6548858880996704,1.6569430828094482
3jvr,3jvr,1.894060730934143,6.274353981018066,1.0,1.0,5,25,1.907367467880249,1.9927709102630615,1.894060730934143,2.084183931350708,2.0879878997802734
3jvs,3jvs,1.6634724140167236,7.035456657409668,1.0,1.0,5,25,1.8598778247833252,1.7162275314331055,1.86970853805542,1.8807512521743774,1.6634724140167236
3jya,3jya,0.22636395692825317,6.798062324523926,1.0,1.0,5,25,0.22636395692825317,0.24116812646389008,0.2279708981513977,0.22955787181854248,0.2389051765203476
3k5v,3k5v,1.7240211963653564,6.375504493713379,1.0,1.0,5,25,1.9616234302520752,1.7240211963653564,1.863501787185669,1.7264070510864258,2.0193448066711426
3kgp,3kgp,0.6955654621124268,3.5101375579833984,1.0,1.0,5,25,0.6955654621124268,0.7189829349517822,0.7009097337722778,0.7216235399246216,0.6994105577468872
3kr8,3kr8,0.7211906909942627,7.66853141784668,1.0,1.0,5,25,0.805854856967926,0.7211906909942627,0.8509902954101562,0.7980164885520935,0.8520052433013916
3kwa,3kwa,2.12288761138916,4.400850296020508,1.0,0.0,5,20,2.7932538986206055,2.5186634063720703,2.3173375129699707,2.12288761138916,2.401337146759033
3l7b,3l7b,0.4409501850605011,4.505230903625488,1.0,1.0,5,25,0.44892314076423645,0.44570496678352356,0.4409501850605011,0.4538215100765228,0.44405877590179443
3lka,3lka,0.591062068939209,5.029974937438965,1.0,1.0,5,25,1.0439832210540771,0.6025296449661255,1.043666124343872,1.090596318244934,0.591062068939209
3mss,3mss,1.9437862634658813,5.133115291595459,1.0,1.0,5,25,2.3196141719818115,2.528252124786377,1.9437862634658813,2.332156181335449,2.3158910274505615
3myg,3myg,1.4461244344711304,8.340741157531738,1.0,1.0,5,25,1.4946128129959106,1.5535823106765747,1.6470751762390137,1.4461244344711304,1.64445161819458
3n76,3n76,0.8871808648109436,5.822465419769287,1.0,1.0,5,25,1.0868574380874634,1.0785373449325562,1.1155706644058228,1.1171207427978516,0.8871808648109436
3n7a,3n7a,0.9623312950134277,4.427095413208008,1.0,1.0,5,25,0.9678450226783752,0.9720540046691895,0.9624911546707153,0.9623312950134277,0.9756845831871033
3n86,3n86,1.0826090574264526,5.699581623077393,1.0,1.0,5,25,1.1718764305114746,1.0829075574874878,1.08403480052948,1.1661046743392944,1.0826090574264526
3nq9,3nq9,1.257283329963684,5.8137102127075195,1.0,1.0,5,25,1.276771903038025,1.2713727951049805,1.2690269947052002,1.266984462738037,1.257283329963684
3nw9,3nw9,0.6021144390106201,8.41387939453125,1.0,1.0,5,25,0.6044058799743652,0.6085418462753296,0.6104422211647034,0.6032922267913818,0.6021144390106201
3nx7,3nx7,0.8683083057403564,8.28271770477295,1.0,1.0,5,20,0.9212639331817627,1.1328742504119873,1.117174744606018,0.8683083057403564,1.1332863569259644
3o9i,3o9i,0.8054409623146057,12.707398414611816,1.0,1.0,5,15,0.810001790523529,1.1581751108169556,0.947870671749115,0.8054409623146057,0.8092988133430481
3oe4,3oe4,0.7037269473075867,7.667693138122559,1.0,1.0,5,25,0.8726968169212341,0.7756797075271606,0.9372367858886719,0.7037269473075867,0.7792759537696838
3oe5,3oe5,1.1347304582595825,7.221183776855469,1.0,1.0,5,25,1.1347304582595825,1.1462347507476807,1.1520118713378906,1.4023581743240356,1.4089425802230835
3ozs,3ozs,1.3969173431396484,7.70439338684082,1.0,1.0,5,25,1.5620434284210205,1.3969173431396484,1.4027904272079468,1.4161173105239868,1.4023523330688477
3ozt,3ozt,1.0265005826950073,7.395814895629883,1.0,1.0,5,25,1.321994662284851,1.3084604740142822,1.0265005826950073,1.3039692640304565,1.1636117696762085
3p5o,3p5o,0.6047400832176208,6.921536445617676,1.0,1.0,5,20,1.0372612476348877,1.0204393863677979,1.0118857622146606,1.0264232158660889,0.6047400832176208
3prs,3prs,3.4222590923309326,8.350750923156738,1.0,0.0,5,25,3.5537118911743164,3.5703582763671875,3.5022714138031006,3.6494405269622803,3.4222590923309326
3pww,3pww,1.6951913833618164,7.965692520141602,1.0,1.0,5,25,1.7117328643798828,1.725294589996338,1.7587310075759888,1.6951913833618164,1.7869995832443237
3pxf,3pxf,0.5515680313110352,5.2164835929870605,1.0,1.0,5,25,0.9539918899536133,0.5515680313110352,0.5568402409553528,0.9201898574829102,0.9260188341140747
3pyy,3pyy,1.3158302307128906,6.427490234375,1.0,1.0,5,25,1.5252104997634888,1.630662202835083,1.3158302307128906,1.603265643119812,1.7133369445800781
3qgy,3qgy,2.127636432647705,8.308310508728027,1.0,0.0,5,25,2.228184700012207,2.274778366088867,2.3522491455078125,2.1927759647369385,2.127636432647705
3qqs,3qqs,1.987020492553711,5.145291328430176,1.0,1.0,5,25,2.4283270835876465,2.4612033367156982,2.3496570587158203,2.3329203128814697,1.987020492553711
3r88,3r88,1.6631007194519043,3.875246047973633,1.0,1.0,5,25,1.7443171739578247,1.7686108350753784,1.747436761856079,1.6631007194519043,1.7834371328353882
3rlr,3rlr,0.43766194581985474,7.955756187438965,1.0,1.0,5,25,0.4400039315223694,0.43795016407966614,0.43766194581985474,0.4380032420158386,0.4459720849990845
3rr4,3rr4,0.29831045866012573,6.886806488037109,1.0,1.0,5,25,0.3081173300743103,0.3085937201976776,0.31377989053726196,0.29831045866012573,0.30423495173454285
3rsx,3rsx,1.148148536682129,3.5816807746887207,1.0,1.0,5,25,1.2517294883728027,1.2195395231246948,1.2596951723098755,1.2436829805374146,1.148148536682129
3ryj,3ryj,1.2253756523132324,7.974248886108398,1.0,1.0,5,15,1.3616523742675781,1.2253756523132324,1.4712835550308228,1.3778176307678223,1.3148306608200073
3syr,3syr,0.36428070068359375,4.21951961517334,1.0,1.0,5,25,0.3762052655220032,0.3678932785987854,0.36428070068359375,0.37330546975135803,0.37403926253318787
3tsk,3tsk,1.5654891729354858,8.67664623260498,1.0,1.0,5,25,1.6758477687835693,1.839705228805542,1.5654891729354858,1.7403380870819092,1.6885648965835571
3twp,3twp,0.28729721903800964,3.8749866485595703,1.0,1.0,5,25,0.2952590882778168,0.28729721903800964,1.0471179485321045,1.0528496503829956,1.0402686595916748
3u5j,3u5j,1.0518876314163208,5.994363784790039,1.0,1.0,5,20,1.060573935508728,1.0518876314163208,1.056164026260376,1.306320309638977,1.7198761701583862
3u8k,3u8k,0.799238920211792,8.40500545501709,1.0,1.0,5,25,0.8016291260719299,0.8022065162658691,0.8097712397575378,0.799238920211792,0.8014794588088989
3u8n,3u8n,0.562118411064148,8.26192569732666,1.0,1.0,5,25,0.5675980448722839,0.5690962076187134,0.5700575113296509,0.5701739192008972,0.562118411064148
3u9q,3u9q,1.1318103075027466,4.871242523193359,1.0,1.0,5,25,1.1318103075027466,1.4927000999450684,1.4251878261566162,1.2757021188735962,1.219761848449707
3udh,3udh,0.4581322968006134,4.557977676391602,1.0,1.0,5,25,0.46979841589927673,0.4581322968006134,0.46322008967399597,0.4633532464504242,0.47035709023475647
3ueu,3ueu,0.9328792691230774,6.864139556884766,1.0,1.0,5,10,0.945057213306427,0.9645933508872986,0.9509119987487793,0.9328792691230774,0.9415205717086792
3uev,3uev,0.79621821641922,6.958184242248535,1.0,1.0,5,10,0.7996706962585449,0.8618291020393372,0.9482377767562866,0.79621821641922,0.8611378073692322
3uew,3uew,1.0405237674713135,6.809720039367676,1.0,1.0,5,15,1.2164000272750854,1.148107647895813,1.214627742767334,1.0405237674713135,1.1470576524734497
3uex,3uex,1.340538501739502,6.833512306213379,1.0,1.0,5,10,1.3569729328155518,1.6043922901153564,1.340538501739502,1.4766864776611328,1.4621175527572632
3ui7,3ui7,1.9546666145324707,7.899243354797363,1.0,1.0,5,25,1.9566518068313599,2.001762866973877,1.9546666145324707,2.0577259063720703,2.053234577178955
3uo4,3uo4,1.3059122562408447,7.655300140380859,1.0,1.0,5,25,1.4287278652191162,1.3720619678497314,1.3731046915054321,1.519336462020874,1.3059122562408447
3up2,3up2,0.62054443359375,7.271333694458008,1.0,1.0,5,25,0.9892367720603943,1.0768039226531982,0.6235535144805908,1.2086433172225952,0.62054443359375
3uri,3uri,2.4257280826568604,7.527500152587891,1.0,0.0,5,25,2.5946855545043945,2.4257280826568604,2.729580879211426,2.5093047618865967,2.6323933601379395
3utu,3utu,2.38041090965271,8.959680557250977,1.0,0.0,5,25,2.38041090965271,2.8942058086395264,2.7368290424346924,2.632244825363159,2.8739020824432373
3uuo,3uuo,1.6044903993606567,7.418684959411621,1.0,1.0,5,25,1.614642858505249,1.621317982673645,1.610945463180542,1.6044903993606567,1.7081695795059204
3wtj,3wtj,0.9436942338943481,7.868332862854004,1.0,1.0,5,25,0.9436942338943481,0.9465347528457642,0.9535220265388489,0.946625828742981,0.9442042112350464
3wz8,3wz8,1.5932903289794922,6.093882083892822,1.0,1.0,5,25,1.7777528762817383,1.768746018409729,1.6195311546325684,1.5932903289794922,1.945340633392334
3zdg,3zdg,1.5731593370437622,6.426462173461914,1.0,1.0,5,25,1.6812230348587036,1.6383967399597168,1.8411606550216675,1.6235309839248657,1.5731593370437622
3zso,3zso,3.0026051998138428,5.405733108520508,1.0,0.0,5,25,3.2430248260498047,4.352015018463135,3.0026051998138428,3.409975051879883,4.152770042419434
3zsx,3zsx,1.3965955972671509,4.221059799194336,1.0,1.0,5,25,1.3965955972671509,1.6554319858551025,1.7608985900878906,2.303455352783203,2.490068197250366
3zt2,3zt2,1.2341094017028809,3.968905448913574,1.0,1.0,5,25,1.3232648372650146,1.2410569190979004,1.2458953857421875,1.2341094017028809,1.2411468029022217
4abg,4abg,0.7486528158187866,3.2853403091430664,1.0,1.0,5,25,0.8682286143302917,0.8659709095954895,0.9338228106498718,0.7486528158187866,0.9885558485984802
4agn,4agn,1.1681039333343506,5.166824817657471,1.0,1.0,5,25,1.4759305715560913,1.4774643182754517,1.304857850074768,1.3248478174209595,1.1681039333343506
4agp,4agp,0.8993366956710815,5.698697090148926,1.0,1.0,5,25,1.1864573955535889,0.9079316258430481,0.8993366956710815,1.1197832822799683,1.510090708732605
4agq,4agq,0.9378162026405334,5.841076850891113,1.0,1.0,5,25,1.4730757474899292,1.896683692932129,0.9378162026405334,1.4735971689224243,1.3245843648910522
4bkt,4bkt,0.8856958150863647,2.9978229999542236,1.0,1.0,5,25,0.8856958150863647,1.456805944442749,1.307531714439392,1.4266051054000854,1.422133207321167
4cig,4cig,1.360237956047058,4.541367530822754,1.0,1.0,5,25,1.5538091659545898,1.5158666372299194,1.360237956047058,2.0310416221618652,2.008747100830078
4ciw,4ciw,0.5401034355163574,4.673325538635254,1.0,1.0,5,25,0.5456884503364563,0.5464239120483398,0.581534743309021,0.5653048157691956,0.5401034355163574
4cr9,4cr9,0.1973710060119629,4.1127543449401855,1.0,1.0,5,25,0.19929465651512146,0.21096758544445038,0.1973710060119629,0.2011149674654007,0.20230308175086975
4cra,4cra,0.9450684189796448,9.360770225524902,1.0,1.0,5,25,1.1430883407592773,1.0698186159133911,0.9934224486351013,0.9450684189796448,1.1393016576766968
4crc,4crc,1.0419899225234985,8.69886302947998,1.0,1.0,5,25,1.1672612428665161,1.1693601608276367,1.2292041778564453,1.0419899225234985,1.2835639715194702
4ddh,4ddh,0.8653342127799988,4.243206024169922,1.0,1.0,5,25,0.8669396042823792,0.8660316467285156,0.8726642727851868,0.8653342127799988,0.8655616641044617
4ddk,4ddk,0.16169896721839905,3.159104347229004,1.0,1.0,5,25,0.9003949165344238,0.1731627881526947,0.16169896721839905,0.16883493959903717,0.16293826699256897
4de1,4de1,0.7675398588180542,4.7988481521606445,1.0,1.0,5,25,0.7761223316192627,0.781660795211792,0.7782393097877502,0.7675398588180542,0.7761102318763733
4de2,4de2,1.3146827220916748,5.470711708068848,1.0,1.0,5,25,1.3146827220916748,1.3883856534957886,1.4631870985031128,1.466965913772583,1.8405693769454956
4de3,4de3,1.0802210569381714,4.193305015563965,1.0,1.0,5,25,1.0826936960220337,1.0802210569381714,1.0944877862930298,1.0802595615386963,1.0814231634140015
4djv,4djv,0.6092084646224976,5.850517272949219,1.0,1.0,5,25,0.6112231612205505,0.6099219918251038,0.7419928312301636,0.7392345666885376,0.6092084646224976
4dld,4dld,1.095129132270813,7.661728858947754,1.0,1.0,5,25,1.0979598760604858,1.095129132270813,1.0959159135818481,1.1054449081420898,1.10654878616333
4dli,4dli,0.5927814841270447,5.695137977600098,1.0,1.0,5,25,0.6099526882171631,0.5927814841270447,0.6780017018318176,0.6880391240119934,0.689702033996582
4e5w,4e5w,1.0918740034103394,8.898454666137695,1.0,1.0,5,25,1.092805027961731,1.2783939838409424,1.0918740034103394,1.0978803634643555,1.0992597341537476
4e6q,4e6q,0.9311755895614624,8.054373741149902,1.0,1.0,5,25,0.9786627292633057,1.1412432193756104,1.0963090658187866,1.3298884630203247,0.9311755895614624
4ea2,4ea2,,6.893078804016113,,,5,25,,,,,
4eky,4eky,0.5285706520080566,4.378177642822266,1.0,1.0,5,25,0.5285706520080566,0.6487945914268494,0.6362473368644714,0.6361663341522217,0.6271308064460754
4eo8,4eo8,0.8948709964752197,7.2635602951049805,1.0,1.0,5,25,1.0946805477142334,1.4393441677093506,1.115433692932129,1.4599918127059937,0.8948709964752197
4eor,4eor,0.8589490056037903,7.385490417480469,1.0,1.0,5,25,1.4158087968826294,1.4676252603530884,1.1376073360443115,1.1721736192703247,0.8589490056037903
4f09,4f09,0.8270801901817322,7.627763748168945,1.0,1.0,5,25,0.8301109075546265,0.8314500451087952,0.8270801901817322,0.8286577463150024,0.8276124000549316
4f2w,4f2w,0.5866547226905823,9.920512199401855,1.0,1.0,5,25,0.5866547226905823,0.5999627709388733,0.6036490797996521,0.6080889701843262,0.6163758039474487
4f3c,4f3c,0.7356876134872437,9.800777435302734,1.0,1.0,5,25,0.7472888231277466,0.7356876134872437,0.7416791915893555,0.746788740158081,0.7424089908599854
4f9w,4f9w,0.4463467597961426,8.13781452178955,1.0,1.0,5,25,1.1679224967956543,0.7096355557441711,0.4463467597961426,1.0428732633590698,0.9990325570106506
4gfm,4gfm,0.8264380693435669,7.3213043212890625,1.0,1.0,5,25,1.4425262212753296,0.8264380693435669,1.4418658018112183,1.4332669973373413,1.4436659812927246
4gid,4gid,1.0660784244537354,8.485321998596191,1.0,1.0,5,25,1.221351146697998,1.0660784244537354,1.1289087533950806,1.1988075971603394,1.1383124589920044
4gkm,4gkm,0.8366671204566956,5.39668083190918,1.0,1.0,5,25,0.8366671204566956,1.0883766412734985,0.9091168642044067,0.8387632966041565,1.0825200080871582
4gr0,4gr0,1.1532690525054932,9.071422576904297,1.0,1.0,5,25,1.253245234489441,1.226658821105957,1.1532690525054932,1.3865097761154175,1.495359182357788
4hge,4hge,0.5347797274589539,8.757963180541992,1.0,1.0,5,25,0.5422489643096924,0.5399924516677856,0.5347797274589539,0.5436599850654602,0.5401436686515808
4ih5,4ih5,1.8581571578979492,3.8884952068328857,1.0,1.0,5,25,1.8706237077713013,1.8708645105361938,1.8581571578979492,1.931897759437561,1.8639240264892578
4ih7,4ih7,1.312869906425476,4.86949348449707,1.0,1.0,5,25,1.3255198001861572,1.5019373893737793,1.3219419717788696,1.312869906425476,1.3497339487075806
4ivb,4ivb,1.0468530654907227,9.26547622680664,1.0,1.0,5,25,1.0468530654907227,1.0472705364227295,1.0502159595489502,1.0551905632019043,1.0760018825531006
4ivc,4ivc,1.1002660989761353,9.128999710083008,1.0,1.0,5,25,1.108628273010254,1.1082488298416138,1.1124823093414307,1.1002660989761353,1.1069051027297974
4ivd,4ivd,1.1033459901809692,9.364141464233398,1.0,1.0,5,25,1.107311487197876,1.1033459901809692,1.1071743965148926,1.1063398122787476,1.1153417825698853
4j21,4j21,0.4100284278392792,7.843852996826172,1.0,1.0,5,25,0.4227393865585327,0.4131067097187042,0.4100284278392792,0.424887090921402,0.4157162606716156
4j28,4j28,0.635948896408081,6.888555526733398,1.0,1.0,5,25,0.6942581534385681,1.481079339981079,0.635948896408081,1.4977163076400757,1.4242541790008545
4j3l,4j3l,0.7783433198928833,8.358646392822266,1.0,1.0,5,25,0.9454484581947327,0.7783433198928833,0.9395114779472351,0.8335569500923157,0.8468977808952332
4jfs,4jfs,0.8357667922973633,7.373878479003906,1.0,1.0,5,25,1.1655426025390625,0.8563414812088013,0.9417299628257751,0.8357667922973633,1.2356069087982178
4jia,4jia,0.8055471777915955,8.42487621307373,1.0,1.0,5,25,1.1449170112609863,1.1336710453033447,1.1381157636642456,0.8055471777915955,1.1398725509643555
4jsz,4jsz,0.4868184030056,7.002110481262207,1.0,1.0,5,25,1.2024128437042236,1.2034108638763428,1.201505184173584,0.4868184030056,0.49517443776130676
4jxs,4jxs,1.1404106616973877,4.721508979797363,1.0,1.0,5,25,1.1450268030166626,1.5958815813064575,1.1404106616973877,1.5405172109603882,1.1640136241912842
4k18,4k18,0.9117208123207092,8.008772850036621,1.0,1.0,5,25,1.3096314668655396,1.312902808189392,1.2188009023666382,1.3072906732559204,0.9117208123207092
4k77,4k77,0.8879958987236023,8.158219337463379,1.0,1.0,5,25,0.9932132959365845,0.9996802806854248,0.9934499859809875,0.8879958987236023,0.8948608636856079
4kz6,4kz6,1.288335919380188,6.424398422241211,1.0,1.0,5,25,1.4909749031066895,1.2951245307922363,1.288335919380188,1.4754321575164795,1.3041688203811646
4kzq,4kzq,1.0740212202072144,7.01284122467041,1.0,1.0,5,25,1.0786923170089722,1.0793811082839966,1.0828667879104614,1.078234076499939,1.0740212202072144
4kzu,4kzu,0.32560664415359497,7.291847229003906,1.0,1.0,5,25,1.1387710571289062,0.32770004868507385,0.32560664415359497,0.32675155997276306,0.32875093817710876
4llx,4llx,0.3071584105491638,3.647653579711914,1.0,1.0,5,25,0.3201363682746887,0.3185238242149353,0.3071584105491638,0.7636885643005371,0.7746789455413818
4lzs,4lzs,0.8151010274887085,5.376381874084473,1.0,1.0,5,20,0.8179183006286621,0.8151010274887085,1.1615536212921143,1.176177978515625,0.8194776773452759
4m0y,4m0y,1.799491047859192,6.756024360656738,1.0,1.0,5,25,1.9722319841384888,1.9007116556167603,1.799491047859192,1.8017107248306274,2.037950038909912
4m0z,4m0z,2.4385881423950195,6.94627571105957,1.0,0.0,5,25,2.457005500793457,2.456178665161133,2.456376552581787,2.6043357849121094,2.4385881423950195
4mgd,4mgd,2.6184773445129395,6.864203453063965,1.0,0.0,5,25,2.8163373470306396,2.877052068710327,2.7117741107940674,2.984701156616211,2.6184773445129395
4mme,4mme,0.926160991191864,6.722294807434082,1.0,1.0,5,25,1.299301266670227,0.9342389106750488,1.298404574394226,0.926160991191864,1.4471081495285034
4mrw,4mrw,0.14234527945518494,3.75955867767334,1.0,1.0,5,25,0.14234527945518494,0.15423326194286346,0.19828373193740845,0.2572134733200073,0.3920338451862335
4mrz,4mrz,0.24874505400657654,4.282179832458496,1.0,1.0,5,25,0.26678451895713806,0.258891761302948,0.2611667811870575,0.2687983810901642,0.24874505400657654
4msc,4msc,1.395457148551941,6.783527374267578,1.0,1.0,5,25,1.4070312976837158,1.4025403261184692,1.3987566232681274,1.398422122001648,1.395457148551941
4msn,4msn,1.0462251901626587,4.368191242218018,1.0,1.0,5,25,1.052639365196228,1.0462251901626587,1.054593801498413,1.047881841659546,1.0499305725097656
4ogj,4ogj,1.677255630493164,7.08598518371582,1.0,1.0,5,15,1.677255630493164,1.9028892517089844,2.5009102821350098,1.6897938251495361,2.579306125640869
4owm,4owm,0.28369924426078796,4.16715669631958,1.0,1.0,5,25,0.9225066304206848,0.934155285358429,0.9157917499542236,0.9237338304519653,0.28369924426078796
4pcs,4pcs,0.544619083404541,7.217604637145996,1.0,1.0,5,25,1.327966332435608,0.5546531677246094,0.6782835721969604,0.544619083404541,1.3312957286834717
4qac,4qac,1.17902672290802,8.813371658325195,1.0,1.0,5,25,1.4698505401611328,1.17902672290802,1.6301236152648926,1.2256345748901367,1.4578332901000977
4qd6,4qd6,4.052347660064697,7.701515197753906,1.0,0.0,5,25,4.14181661605835,4.161686420440674,4.200852870941162,4.065454959869385,4.052347660064697
4rfm,4rfm,1.4648669958114624,9.208399772644043,1.0,1.0,5,25,1.7525091171264648,1.6381198167800903,1.9326237440109253,1.976051688194275,1.4648669958114624
4tmn,4tmn,1.8974580764770508,6.703571319580078,1.0,1.0,5,20,1.8974580764770508,1.95797598361969,3.1413378715515137,3.1365139484405518,3.0984768867492676
4twp,4twp,0.8061542510986328,8.200518608093262,1.0,1.0,5,25,0.8116699457168579,0.8149385452270508,0.8107014894485474,0.8101133704185486,0.8061542510986328
4ty7,4ty7,1.2493170499801636,8.561166763305664,1.0,1.0,5,25,1.6228758096694946,1.3990650177001953,1.2493170499801636,1.6223920583724976,1.2802505493164062
4u4s,4u4s,0.5322232246398926,4.7742018699646,1.0,1.0,5,25,1.0935990810394287,1.0983935594558716,0.5322232246398926,1.0988976955413818,0.5398685336112976
4w9c,4w9c,1.1373766660690308,5.237322807312012,1.0,1.0,5,25,1.633495569229126,1.812246561050415,1.1373766660690308,1.6477748155593872,1.6460227966308594
4w9h,4w9h,1.164476990699768,6.3828277587890625,1.0,1.0,5,25,1.3910589218139648,1.164476990699768,1.260627269744873,1.4967050552368164,1.314544677734375
4w9i,4w9i,1.7196663618087769,6.256525039672852,1.0,1.0,5,25,1.8079326152801514,1.8912433385849,1.800858974456787,1.7196663618087769,2.0761895179748535
4w9l,4w9l,1.5261635780334473,6.436920166015625,1.0,1.0,5,25,1.6667344570159912,1.7936992645263672,1.5261635780334473,1.624793529510498,1.8294552564620972
4wiv,4wiv,1.2816773653030396,6.397183418273926,1.0,1.0,5,20,1.3399490118026733,1.4040799140930176,1.3089112043380737,1.2816773653030396,1.341207504272461
4x6p,4x6p,0.826008141040802,9.1830415725708,1.0,1.0,5,25,0.826008141040802,1.1131960153579712,1.0334398746490479,1.1171340942382812,1.103559136390686
5a7b,5a7b,0.9384738206863403,5.625003814697266,1.0,1.0,5,25,1.2361328601837158,1.401755690574646,1.6849051713943481,0.9384738206863403,1.4937196969985962
5aba,5aba,1.4257184267044067,4.739912509918213,1.0,1.0,5,25,1.6511794328689575,1.4267990589141846,1.4257184267044067,1.6953693628311157,1.5046602487564087
5c1w,5c1w,0.5874789357185364,5.631990432739258,1.0,1.0,5,25,0.7673017382621765,0.7726705074310303,0.6272068023681641,0.5874789357185364,0.7748219966888428
5c28,5c28,0.6094518303871155,5.6845526695251465,1.0,1.0,5,25,0.7021548748016357,0.7004105448722839,0.6120721697807312,0.610125720500946,0.6094518303871155
5c2h,5c2h,1.0070250034332275,10.036759376525879,1.0,1.0,5,25,1.0129789113998413,1.0596694946289062,1.0603525638580322,1.0569758415222168,1.0070250034332275
5dwr,5dwr,0.6441583633422852,9.279417037963867,1.0,1.0,5,25,0.6441583633422852,0.6585909128189087,1.4810279607772827,1.5245646238327026,0.7632245421409607
5tmn,5tmn,1.2195541858673096,6.33674430847168,1.0,1.0,5,25,1.4362832307815552,1.598206639289856,1.6691484451293945,1.2195541858673096,1.325164556503296
