protein_name,compound_name,pose_rank,pocket_name,affinity,loss
1a30,1a30,1,pocket_1,5.950625419616699,2021.6668701171875
1a30,1a30,2,pocket_1,5.950625419616699,2026.2789306640625
1a30,1a30,3,pocket_1,5.950625419616699,2029.7100830078125
1a30,1a30,4,pocket_1,5.950625419616699,2048.15283203125
1a30,1a30,5,pocket_1,5.950625419616699,2055.552490234375
1bcu,1bcu,1,pocket_1,3.444812297821045,1354.2418212890625
1bcu,1bcu,2,pocket_1,3.444812297821045,1361.909912109375
1bcu,1bcu,3,pocket_1,3.444812297821045,1371.4156494140625
1bcu,1bcu,4,pocket_1,3.444812297821045,1451.1944580078125
1bcu,1bcu,5,pocket_1,3.444812297821045,1522.24169921875
1bzc,1bzc,1,protein_center,7.165501594543457,1884.4783935546875
1bzc,1bzc,2,protein_center,7.165501594543457,1893.626953125
1bzc,1bzc,3,protein_center,7.165501594543457,1897.065185546875
1bzc,1bzc,4,protein_center,7.165501594543457,1920.54736328125
1bzc,1bzc,5,protein_center,7.165501594543457,3576.0771484375
1c5z,1c5z,1,pocket_1,3.3110179901123047,605.8497314453125
1c5z,1c5z,2,pocket_1,3.3110179901123047,606.8804321289062
1c5z,1c5z,3,pocket_1,3.3110179901123047,611.62841796875
1c5z,1c5z,4,pocket_1,3.3110179901123047,612.44189453125
1c5z,1c5z,5,pocket_1,3.3110179901123047,614.387939453125
1e66,1e66,1,pocket_1,7.968671798706055,1450.240966796875
1e66,1e66,2,pocket_1,7.968671798706055,1457.6552734375
1e66,1e66,3,pocket_1,7.968671798706055,1460.67431640625
1e66,1e66,4,pocket_1,7.968671798706055,1466.6871337890625
1e66,1e66,5,pocket_1,7.968671798706055,1474.35107421875
1eby,1eby,1,protein_center,10.01380729675293,4462.3134765625
1eby,1eby,2,protein_center,10.01380729675293,4488.763671875
1eby,1eby,3,protein_center,10.01380729675293,4538.072265625
1eby,1eby,4,protein_center,10.01380729675293,4547.2265625
1eby,1eby,5,protein_center,10.01380729675293,4772.8369140625
1gpk,1gpk,1,pocket_1,6.138849258422852,1214.071533203125
1gpk,1gpk,2,pocket_1,6.138849258422852,1218.5888671875
1gpk,1gpk,3,pocket_1,6.138849258422852,1218.83544921875
1gpk,1gpk,4,pocket_1,6.138849258422852,1219.8912353515625
1gpk,1gpk,5,pocket_1,6.138849258422852,1223.86328125
1gpn,1gpn,1,pocket_1,5.897121429443359,1311.17236328125
1gpn,1gpn,2,pocket_1,5.897121429443359,1314.2703857421875
1gpn,1gpn,3,pocket_1,5.897121429443359,1314.4947509765625
1gpn,1gpn,4,pocket_1,5.897121429443359,1317.553466796875
1gpn,1gpn,5,pocket_1,5.897121429443359,1330.7655029296875
1h22,1h22,1,pocket_1,8.457832336425781,2923.13671875
1h22,1h22,2,pocket_1,8.457832336425781,2946.79248046875
1h22,1h22,3,pocket_1,8.457832336425781,2982.56298828125
1h22,1h22,4,pocket_1,8.457832336425781,3033.30908203125
1h22,1h22,5,pocket_1,8.457832336425781,3240.3564453125
1h23,1h23,1,pocket_1,8.681385040283203,3114.298828125
1h23,1h23,2,pocket_1,8.681385040283203,3122.017578125
1h23,1h23,3,pocket_1,8.681385040283203,3123.9716796875
1h23,1h23,4,pocket_1,8.681385040283203,3236.68505859375
1h23,1h23,5,pocket_1,8.681385040283203,3292.156005859375
1k1i,1k1i,1,protein_center,6.547600746154785,2300.90673828125
1k1i,1k1i,2,protein_center,6.547600746154785,2305.76220703125
1k1i,1k1i,3,protein_center,6.547600746154785,2306.332763671875
1k1i,1k1i,4,protein_center,6.547600746154785,2565.21533203125
1k1i,1k1i,5,protein_center,6.547600746154785,3643.426025390625
1lpg,1lpg,1,pocket_1,8.28908920288086,2715.176025390625
1lpg,1lpg,2,pocket_1,8.28908920288086,2718.7744140625
1lpg,1lpg,3,pocket_1,8.28908920288086,2729.950439453125
1lpg,1lpg,4,pocket_1,8.28908920288086,2740.634033203125
1lpg,1lpg,5,pocket_1,8.28908920288086,2755.624755859375
1mq6,1mq6,1,pocket_6,9.140193939208984,2379.094482421875
1mq6,1mq6,2,pocket_6,9.140193939208984,2380.30908203125
1mq6,1mq6,3,pocket_6,9.140193939208984,2385.2373046875
1mq6,1mq6,4,pocket_6,9.140193939208984,2390.3896484375
1mq6,1mq6,5,pocket_6,9.140193939208984,2407.654541015625
1nc1,1nc1,1,pocket_2,7.539475440979004,1276.059326171875
1nc1,1nc1,2,pocket_2,7.539475440979004,1276.9945068359375
1nc1,1nc1,3,pocket_2,7.539475440979004,1277.93994140625
1nc1,1nc1,4,pocket_2,7.539475440979004,1280.421142578125
1nc1,1nc1,5,pocket_2,7.539475440979004,1284.504150390625
1nc3,1nc3,1,pocket_2,6.628948211669922,1245.494873046875
1nc3,1nc3,2,pocket_2,6.628948211669922,1246.930419921875
1nc3,1nc3,3,pocket_2,6.628948211669922,1251.4969482421875
1nc3,1nc3,4,pocket_2,6.628948211669922,1252.515380859375
1nc3,1nc3,5,pocket_2,6.628948211669922,1253.8951416015625
1nvq,1nvq,1,protein_center,9.231599807739258,2291.01171875
1nvq,1nvq,2,protein_center,9.231599807739258,2292.404296875
1nvq,1nvq,3,protein_center,9.231599807739258,2301.596435546875
1nvq,1nvq,4,protein_center,9.231599807739258,2312.4208984375
1nvq,1nvq,5,protein_center,9.231599807739258,2317.822021484375
1o0h,1o0h,1,pocket_9,5.53064489364624,1761.5670166015625
1o0h,1o0h,2,pocket_9,5.53064489364624,1764.6160888671875
1o0h,1o0h,3,pocket_9,5.53064489364624,1770.3048095703125
1o0h,1o0h,4,pocket_9,5.53064489364624,1771.0858154296875
1o0h,1o0h,5,pocket_9,5.53064489364624,1773.717041015625
1o3f,1o3f,1,pocket_5,7.74252986907959,1571.4609375
1o3f,1o3f,2,pocket_5,7.74252986907959,1580.1614990234375
1o3f,1o3f,3,pocket_5,7.74252986907959,1580.4364013671875
1o3f,1o3f,4,pocket_5,7.74252986907959,1581.541015625
1o3f,1o3f,5,pocket_5,7.74252986907959,1583.443603515625
1o5b,1o5b,1,protein_center,4.180906772613525,821.3096923828125
1o5b,1o5b,2,protein_center,4.180906772613525,823.456298828125
1o5b,1o5b,3,protein_center,4.180906772613525,825.8184814453125
1o5b,1o5b,4,protein_center,4.180906772613525,835.48291015625
1o5b,1o5b,5,protein_center,4.180906772613525,840.3536376953125
1owh,1owh,1,protein_center,6.583187103271484,1553.25048828125
1owh,1owh,2,protein_center,6.583187103271484,1562.00341796875
1owh,1owh,3,protein_center,6.583187103271484,1567.533447265625
1owh,1owh,4,protein_center,6.583187103271484,1569.89013671875
1owh,1owh,5,protein_center,6.583187103271484,1579.3204345703125
1oyt,1oyt,1,protein_center,8.096053123474121,1967.69580078125
1oyt,1oyt,2,protein_center,8.096053123474121,1972.7591552734375
1oyt,1oyt,3,protein_center,8.096053123474121,1975.0462646484375
1oyt,1oyt,4,protein_center,8.096053123474121,1976.25244140625
1oyt,1oyt,5,protein_center,8.096053123474121,1984.083984375
1p1n,1p1n,1,pocket_1,7.733244895935059,976.6422729492188
1p1n,1p1n,2,pocket_1,7.733244895935059,985.279541015625
1p1n,1p1n,3,pocket_1,7.733244895935059,987.9617309570312
1p1n,1p1n,4,pocket_1,7.733244895935059,990.11767578125
1p1n,1p1n,5,pocket_1,7.733244895935059,998.058837890625
1p1q,1p1q,1,pocket_14,6.860673904418945,818.7399291992188
1p1q,1p1q,2,pocket_14,6.860673904418945,822.2847900390625
1p1q,1p1q,3,pocket_14,6.860673904418945,827.279052734375
1p1q,1p1q,4,pocket_14,6.860673904418945,828.4659423828125
1p1q,1p1q,5,pocket_14,6.860673904418945,841.1407470703125
1ps3,1ps3,1,pocket_2,4.647767543792725,1016.9522705078125
1ps3,1ps3,2,pocket_2,4.647767543792725,1018.063720703125
1ps3,1ps3,3,pocket_2,4.647767543792725,1020.6889038085938
1ps3,1ps3,4,pocket_2,4.647767543792725,1024.3736572265625
1ps3,1ps3,5,pocket_2,4.647767543792725,1030.157470703125
1pxn,1pxn,1,pocket_1,7.34925651550293,1398.13037109375
1pxn,1pxn,2,pocket_1,7.34925651550293,1401.988525390625
1pxn,1pxn,3,pocket_1,7.34925651550293,1403.6363525390625
1pxn,1pxn,4,pocket_1,7.34925651550293,1410.9410400390625
1pxn,1pxn,5,pocket_1,7.34925651550293,1411.9686279296875
1q8t,1q8t,1,protein_center,5.632122993469238,1228.9849853515625
1q8t,1q8t,2,protein_center,5.632122993469238,1229.226806640625
1q8t,1q8t,3,protein_center,5.632122993469238,1231.7945556640625
1q8t,1q8t,4,protein_center,5.632122993469238,1233.6192626953125
1q8t,1q8t,5,protein_center,5.632122993469238,1241.591796875
1q8u,1q8u,1,protein_center,7.431179046630859,1469.904052734375
1q8u,1q8u,2,protein_center,7.431179046630859,1474.842041015625
1q8u,1q8u,3,protein_center,7.431179046630859,1477.0216064453125
1q8u,1q8u,4,protein_center,7.431179046630859,1478.055908203125
1q8u,1q8u,5,protein_center,7.431179046630859,1493.686279296875
1qf1,1qf1,1,pocket_1,6.249520301818848,1700.341064453125
1qf1,1qf1,2,pocket_1,6.249520301818848,1714.584228515625
1qf1,1qf1,3,pocket_1,6.249520301818848,1720.24365234375
1qf1,1qf1,4,pocket_1,6.249520301818848,1722.3519287109375
1qf1,1qf1,5,pocket_1,6.249520301818848,1726.0987548828125
1qkt,1qkt,1,protein_center,7.392483711242676,1346.0267333984375
1qkt,1qkt,2,protein_center,7.392483711242676,1352.409912109375
1qkt,1qkt,3,protein_center,7.392483711242676,1355.153564453125
1qkt,1qkt,4,protein_center,7.392483711242676,1362.61865234375
1qkt,1qkt,5,protein_center,7.392483711242676,1367.34814453125
1r5y,1r5y,1,protein_center,6.217877388000488,791.1304931640625
1r5y,1r5y,2,protein_center,6.217877388000488,801.9837036132812
1r5y,1r5y,3,protein_center,6.217877388000488,802.2879028320312
1r5y,1r5y,4,protein_center,6.217877388000488,804.2946166992188
1r5y,1r5y,5,protein_center,6.217877388000488,804.5286254882812
1s38,1s38,1,pocket_3,6.17327880859375,804.3384399414062
1s38,1s38,2,pocket_3,6.17327880859375,809.8341674804688
1s38,1s38,3,pocket_3,6.17327880859375,810.234619140625
1s38,1s38,4,pocket_3,6.17327880859375,813.8029174804688
1s38,1s38,5,pocket_3,6.17327880859375,824.0103759765625
1sqa,1sqa,1,protein_center,7.203907012939453,2058.052001953125
1sqa,1sqa,2,protein_center,7.203907012939453,2058.243896484375
1sqa,1sqa,3,protein_center,7.203907012939453,2063.89013671875
1sqa,1sqa,4,protein_center,7.203907012939453,2066.317626953125
1sqa,1sqa,5,protein_center,7.203907012939453,2081.696044921875
1syi,1syi,1,pocket_8,7.193637847900391,1051.768310546875
1syi,1syi,2,pocket_8,7.193637847900391,1052.097900390625
1syi,1syi,3,pocket_8,7.193637847900391,1057.073486328125
1syi,1syi,4,pocket_8,7.193637847900391,1058.910888671875
1syi,1syi,5,pocket_8,7.193637847900391,1059.7613525390625
1u1b,1u1b,1,pocket_1,7.392280578613281,3298.708740234375
1u1b,1u1b,2,pocket_1,7.392280578613281,3311.27392578125
1u1b,1u1b,3,pocket_1,7.392280578613281,3311.77783203125
1u1b,1u1b,4,pocket_1,7.392280578613281,3312.99853515625
1u1b,1u1b,5,pocket_1,7.392280578613281,3325.866943359375
1uto,1uto,1,pocket_3,3.1441755294799805,585.1350708007812
1uto,1uto,2,pocket_3,3.1441755294799805,593.1187744140625
1uto,1uto,3,pocket_3,3.1441755294799805,594.3731079101562
1uto,1uto,4,pocket_3,3.1441755294799805,596.3245239257812
1uto,1uto,5,pocket_3,3.1441755294799805,599.1566772460938
1vso,1vso,1,pocket_1,5.511935234069824,1353.9068603515625
1vso,1vso,2,pocket_1,5.511935234069824,1355.8433837890625
1vso,1vso,3,pocket_1,5.511935234069824,1365.00732421875
1vso,1vso,4,pocket_1,5.511935234069824,1369.5074462890625
1vso,1vso,5,pocket_1,5.511935234069824,1373.4681396484375
1w4o,1w4o,1,pocket_8,4.763385772705078,1294.861083984375
1w4o,1w4o,2,pocket_8,4.763385772705078,1301.851806640625
1w4o,1w4o,3,pocket_8,4.763385772705078,1308.1826171875
1w4o,1w4o,4,pocket_8,4.763385772705078,1315.68115234375
1w4o,1w4o,5,pocket_8,4.763385772705078,1325.9171142578125
1y6r,1y6r,1,pocket_2,9.505522727966309,1279.1527099609375
1y6r,1y6r,2,pocket_2,9.505522727966309,1279.8021240234375
1y6r,1y6r,3,pocket_2,9.505522727966309,1283.5611572265625
1y6r,1y6r,4,pocket_2,9.505522727966309,1290.3824462890625
1y6r,1y6r,5,pocket_2,9.505522727966309,1300.8253173828125
1yc1,1yc1,1,pocket_5,7.645438194274902,1710.6533203125
1yc1,1yc1,2,pocket_5,7.645438194274902,1714.9569091796875
1yc1,1yc1,3,pocket_5,7.645438194274902,1715.0540771484375
1yc1,1yc1,4,pocket_5,7.645438194274902,1717.486572265625
1yc1,1yc1,5,pocket_5,7.645438194274902,1719.638427734375
1ydr,1ydr,1,pocket_4,7.416038513183594,1305.894775390625
1ydr,1ydr,2,pocket_4,7.416038513183594,1308.744873046875
1ydr,1ydr,3,pocket_4,7.416038513183594,1317.6741943359375
1ydr,1ydr,4,pocket_4,7.416038513183594,1322.9876708984375
1ydr,1ydr,5,pocket_4,7.416038513183594,1325.4603271484375
1ydt,1ydt,1,protein_center,7.406330108642578,1765.387451171875
1ydt,1ydt,2,protein_center,7.406330108642578,1770.3668212890625
1ydt,1ydt,3,protein_center,7.406330108642578,1771.4031982421875
1ydt,1ydt,4,protein_center,7.406330108642578,1776.2261962890625
1ydt,1ydt,5,protein_center,7.406330108642578,1779.0535888671875
1z6e,1z6e,1,pocket_5,10.128351211547852,2421.288330078125
1z6e,1z6e,2,pocket_5,10.128351211547852,2437.509521484375
1z6e,1z6e,3,pocket_5,10.128351211547852,2439.58984375
1z6e,1z6e,4,pocket_5,10.128351211547852,2445.610107421875
1z6e,1z6e,5,pocket_5,10.128351211547852,2456.5986328125
1z95,1z95,1,protein_center,9.177021026611328,1967.8541259765625
1z95,1z95,2,protein_center,9.177021026611328,1971.90771484375
1z95,1z95,3,protein_center,9.177021026611328,1980.21435546875
1z95,1z95,4,protein_center,9.177021026611328,1983.581298828125
1z95,1z95,5,protein_center,9.177021026611328,1992.222900390625
1z9g,1z9g,1,pocket_1,5.862494468688965,1120.677001953125
1z9g,1z9g,2,pocket_1,5.862494468688965,1123.5732421875
1z9g,1z9g,3,pocket_1,5.862494468688965,1129.790283203125
1z9g,1z9g,4,pocket_1,5.862494468688965,1132.47216796875
1z9g,1z9g,5,pocket_1,5.862494468688965,1136.7899169921875
2al5,2al5,1,pocket_5,7.100170135498047,945.8616333007812
2al5,2al5,2,pocket_5,7.100170135498047,950.9468994140625
2al5,2al5,3,pocket_5,7.100170135498047,957.0401611328125
2al5,2al5,4,pocket_5,7.100170135498047,960.7813720703125
2al5,2al5,5,pocket_5,7.100170135498047,964.2998046875
2br1,2br1,1,pocket_5,7.711904525756836,1849.2008056640625
2br1,2br1,2,pocket_5,7.711904525756836,1852.1939697265625
2br1,2br1,3,pocket_5,7.711904525756836,1855.6947021484375
2br1,2br1,4,pocket_5,7.711904525756836,1869.0543212890625
2br1,2br1,5,pocket_5,7.711904525756836,1879.237548828125
2brb,2brb,1,pocket_5,6.665583610534668,1583.024169921875
2brb,2brb,2,pocket_5,6.665583610534668,1591.665283203125
2brb,2brb,3,pocket_5,6.665583610534668,1595.1849365234375
2brb,2brb,4,pocket_5,6.665583610534668,1604.273193359375
2brb,2brb,5,pocket_5,6.665583610534668,1606.723876953125
2c3i,2c3i,1,protein_center,8.114648818969727,1493.3050537109375
2c3i,2c3i,2,protein_center,8.114648818969727,1497.286865234375
2c3i,2c3i,3,protein_center,8.114648818969727,1499.25341796875
2c3i,2c3i,4,protein_center,8.114648818969727,1503.863037109375
2c3i,2c3i,5,protein_center,8.114648818969727,1506.7039794921875
2cbv,2cbv,1,pocket_1,6.129141807556152,816.7404174804688
2cbv,2cbv,2,pocket_1,6.129141807556152,819.8524780273438
2cbv,2cbv,3,pocket_1,6.129141807556152,823.483154296875
2cbv,2cbv,4,pocket_1,6.129141807556152,832.3424072265625
2cbv,2cbv,5,pocket_1,6.129141807556152,833.7380981445312
2cet,2cet,1,pocket_2,7.539523124694824,1411.104248046875
2cet,2cet,2,pocket_2,7.539523124694824,1413.10009765625
2cet,2cet,3,pocket_2,7.539523124694824,1413.527587890625
2cet,2cet,4,pocket_2,7.539523124694824,1419.674072265625
2cet,2cet,5,pocket_2,7.539523124694824,1420.443603515625
2fvd,2fvd,1,pocket_1,7.52977180480957,1979.1177978515625
2fvd,2fvd,2,pocket_1,7.52977180480957,1984.40185546875
2fvd,2fvd,3,pocket_1,7.52977180480957,1992.740966796875
2fvd,2fvd,4,pocket_1,7.52977180480957,1995.3079833984375
2fvd,2fvd,5,pocket_1,7.52977180480957,1996.583984375
2fxs,2fxs,1,protein_center,7.173084259033203,1826.412109375
2fxs,2fxs,2,protein_center,7.173084259033203,1830.4736328125
2fxs,2fxs,3,protein_center,7.173084259033203,1836.626220703125
2fxs,2fxs,4,protein_center,7.173084259033203,1845.658203125
2fxs,2fxs,5,protein_center,7.173084259033203,1845.852294921875
2hb1,2hb1,1,protein_center,4.034250259399414,908.3614501953125
2hb1,2hb1,2,protein_center,4.034250259399414,911.3500366210938
2hb1,2hb1,3,protein_center,4.034250259399414,912.1544799804688
2hb1,2hb1,4,protein_center,4.034250259399414,912.56787109375
2hb1,2hb1,5,protein_center,4.034250259399414,914.43017578125
2iwx,2iwx,1,protein_center,6.511941909790039,1611.093994140625
2iwx,2iwx,2,protein_center,6.511941909790039,1620.8143310546875
2iwx,2iwx,3,protein_center,6.511941909790039,1628.218505859375
2iwx,2iwx,4,protein_center,6.511941909790039,1743.734130859375
2iwx,2iwx,5,protein_center,6.511941909790039,1746.8638916015625
2j78,2j78,1,pocket_2,6.384452819824219,817.7489624023438
2j78,2j78,2,pocket_2,6.384452819824219,819.0203247070312
2j78,2j78,3,pocket_2,6.384452819824219,819.62841796875
2j78,2j78,4,pocket_2,6.384452819824219,823.4865112304688
2j78,2j78,5,pocket_2,6.384452819824219,832.6603393554688
2j7h,2j7h,1,pocket_2,6.916950225830078,649.755126953125
2j7h,2j7h,2,pocket_2,6.916950225830078,654.9147338867188
2j7h,2j7h,3,pocket_2,6.916950225830078,656.3562622070312
2j7h,2j7h,4,pocket_2,6.916950225830078,658.3557739257812
2j7h,2j7h,5,pocket_2,6.916950225830078,663.60400390625
2p15,2p15,1,pocket_2,8.61067008972168,2254.9521484375
2p15,2p15,2,pocket_2,8.61067008972168,2260.533203125
2p15,2p15,3,pocket_2,8.61067008972168,2271.044921875
2p15,2p15,4,pocket_2,8.61067008972168,2271.708984375
2p15,2p15,5,pocket_2,8.61067008972168,2271.8662109375
2p4y,2p4y,1,pocket_2,8.560941696166992,2754.586181640625
2p4y,2p4y,2,pocket_2,8.560941696166992,2761.6240234375
2p4y,2p4y,3,pocket_2,8.560941696166992,2766.58251953125
2p4y,2p4y,4,pocket_2,8.560941696166992,2769.6220703125
2p4y,2p4y,5,pocket_2,8.560941696166992,2776.115966796875
2pog,2pog,1,pocket_1,7.580142974853516,1373.404541015625
2pog,2pog,2,pocket_1,7.580142974853516,1377.7706298828125
2pog,2pog,3,pocket_1,7.580142974853516,1386.6380615234375
2pog,2pog,4,pocket_1,7.580142974853516,1387.138916015625
2pog,2pog,5,pocket_1,7.580142974853516,1394.7413330078125
2qbp,2qbp,1,pocket_1,7.63972282409668,2446.89599609375
2qbp,2qbp,2,pocket_1,7.63972282409668,2449.835205078125
2qbp,2qbp,3,pocket_1,7.63972282409668,2457.719482421875
2qbp,2qbp,4,pocket_1,7.63972282409668,2460.27783203125
2qbp,2qbp,5,pocket_1,7.63972282409668,2463.771240234375
2qbq,2qbq,1,protein_center,6.903148651123047,2022.126220703125
2qbq,2qbq,2,protein_center,6.903148651123047,2025.9581298828125
2qbq,2qbq,3,protein_center,6.903148651123047,2030.0084228515625
2qbq,2qbq,4,protein_center,6.903148651123047,2045.93212890625
2qbq,2qbq,5,protein_center,6.903148651123047,2057.473876953125
2qbr,2qbr,1,protein_center,6.730374336242676,1815.7420654296875
2qbr,2qbr,2,protein_center,6.730374336242676,1830.3223876953125
2qbr,2qbr,3,protein_center,6.730374336242676,1830.743896484375
2qbr,2qbr,4,protein_center,6.730374336242676,1846.281494140625
2qbr,2qbr,5,protein_center,6.730374336242676,1852.55908203125
2qe4,2qe4,1,pocket_6,7.267670631408691,1605.2041015625
2qe4,2qe4,2,pocket_6,7.267670631408691,1608.46923828125
2qe4,2qe4,3,pocket_6,7.267670631408691,1614.6162109375
2qe4,2qe4,4,pocket_6,7.267670631408691,1619.672607421875
2qe4,2qe4,5,pocket_6,7.267670631408691,1684.960205078125
2qnq,2qnq,1,pocket_1,8.350153923034668,3570.1416015625
2qnq,2qnq,2,pocket_1,8.350153923034668,3620.774169921875
2qnq,2qnq,3,pocket_1,8.350153923034668,3650.984619140625
2qnq,2qnq,4,pocket_1,8.350153923034668,3655.9638671875
2qnq,2qnq,5,pocket_1,8.350153923034668,3665.00146484375
2r9w,2r9w,1,pocket_2,4.837738037109375,1970.5194091796875
2r9w,2r9w,2,pocket_2,4.837738037109375,1970.544921875
2r9w,2r9w,3,pocket_2,4.837738037109375,1975.58837890625
2r9w,2r9w,4,pocket_2,4.837738037109375,1976.9404296875
2r9w,2r9w,5,pocket_2,4.837738037109375,1998.35595703125
2v00,2v00,1,protein_center,4.271450519561768,1052.1370849609375
2v00,2v00,2,protein_center,4.271450519561768,1062.404052734375
2v00,2v00,3,protein_center,4.271450519561768,1064.737548828125
2v00,2v00,4,protein_center,4.271450519561768,1071.5921630859375
2v00,2v00,5,protein_center,4.271450519561768,1076.5595703125
2v7a,2v7a,1,pocket_1,8.242959976196289,2283.125
2v7a,2v7a,2,pocket_1,8.242959976196289,2289.92333984375
2v7a,2v7a,3,pocket_1,8.242959976196289,2303.726806640625
2v7a,2v7a,4,pocket_1,8.242959976196289,2307.16796875
2v7a,2v7a,5,pocket_1,8.242959976196289,2323.624267578125
2vkm,2vkm,1,pocket_1,8.978543281555176,3027.044921875
2vkm,2vkm,2,pocket_1,8.978543281555176,3038.147705078125
2vkm,2vkm,3,pocket_1,8.978543281555176,3044.43505859375
2vkm,2vkm,4,pocket_1,8.978543281555176,3045.4189453125
2vkm,2vkm,5,pocket_1,8.978543281555176,3062.572021484375
2vvn,2vvn,1,pocket_2,7.453069686889648,1012.5767211914062
2vvn,2vvn,2,pocket_2,7.453069686889648,1013.30859375
2vvn,2vvn,3,pocket_2,7.453069686889648,1017.396240234375
2vvn,2vvn,4,pocket_2,7.453069686889648,1018.0457153320312
2vvn,2vvn,5,pocket_2,7.453069686889648,1019.0125732421875
2vw5,2vw5,1,protein_center,6.952037811279297,2652.026611328125
2vw5,2vw5,2,protein_center,6.952037811279297,2656.635986328125
2vw5,2vw5,3,protein_center,6.952037811279297,2661.0009765625
2vw5,2vw5,4,protein_center,6.952037811279297,2670.983642578125
2vw5,2vw5,5,protein_center,6.952037811279297,2701.086181640625
2w4x,2w4x,1,pocket_1,6.219366073608398,1129.468017578125
2w4x,2w4x,2,pocket_1,6.219366073608398,1135.8995361328125
2w4x,2w4x,3,pocket_1,6.219366073608398,1137.5902099609375
2w4x,2w4x,4,pocket_1,6.219366073608398,1142.261962890625
2w4x,2w4x,5,pocket_1,6.219366073608398,1143.79248046875
2w66,2w66,1,pocket_42,6.957843780517578,1029.9039306640625
2w66,2w66,2,pocket_42,6.957843780517578,1030.1668701171875
2w66,2w66,3,pocket_42,6.957843780517578,1035.3741455078125
2w66,2w66,4,pocket_42,6.957843780517578,1041.7838134765625
2w66,2w66,5,pocket_42,6.957843780517578,1041.8245849609375
2wbg,2wbg,1,pocket_3,6.676242828369141,1455.7962646484375
2wbg,2wbg,2,pocket_3,6.676242828369141,1456.56787109375
2wbg,2wbg,3,pocket_3,6.676242828369141,1458.73681640625
2wbg,2wbg,4,pocket_3,6.676242828369141,1462.1334228515625
2wbg,2wbg,5,pocket_3,6.676242828369141,1465.2586669921875
2wca,2wca,1,pocket_1,6.400789260864258,1770.71337890625
2wca,2wca,2,pocket_1,6.400789260864258,1780.4580078125
2wca,2wca,3,pocket_1,6.400789260864258,1783.61669921875
2wca,2wca,4,pocket_1,6.400789260864258,1795.0745849609375
2wca,2wca,5,pocket_1,6.400789260864258,1795.7060546875
2weg,2weg,1,protein_center,6.882411956787109,724.0187377929688
2weg,2weg,2,protein_center,6.882411956787109,728.3167724609375
2weg,2weg,3,protein_center,6.882411956787109,728.36083984375
2weg,2weg,4,protein_center,6.882411956787109,729.5422973632812
2weg,2weg,5,protein_center,6.882411956787109,738.5420532226562
2wer,2wer,1,pocket_1,5.326517105102539,1747.178955078125
2wer,2wer,2,pocket_1,5.326517105102539,1756.0821533203125
2wer,2wer,3,pocket_1,5.326517105102539,1763.250732421875
2wer,2wer,4,pocket_1,5.326517105102539,1768.38623046875
2wer,2wer,5,pocket_1,5.326517105102539,1777.9337158203125
2wn9,2wn9,1,pocket_1,7.874575614929199,1431.01708984375
2wn9,2wn9,2,pocket_1,7.874575614929199,1431.6910400390625
2wn9,2wn9,3,pocket_1,7.874575614929199,1433.0352783203125
2wn9,2wn9,4,pocket_1,7.874575614929199,1436.4591064453125
2wn9,2wn9,5,pocket_1,7.874575614929199,1447.6546630859375
2wnc,2wnc,1,pocket_5,7.131218910217285,1444.2542724609375
2wnc,2wnc,2,pocket_5,7.131218910217285,1451.596435546875
2wnc,2wnc,3,pocket_5,7.131218910217285,1466.3072509765625
2wnc,2wnc,4,pocket_5,7.131218910217285,1466.767578125
2wnc,2wnc,5,pocket_5,7.131218910217285,1471.4200439453125
2wtv,2wtv,1,pocket_2,8.445852279663086,2247.327392578125
2wtv,2wtv,2,pocket_2,8.445852279663086,2260.33251953125
2wtv,2wtv,3,pocket_2,8.445852279663086,2260.955078125
2wtv,2wtv,4,pocket_2,8.445852279663086,2262.79638671875
2wtv,2wtv,5,pocket_2,8.445852279663086,2267.19189453125
2wvt,2wvt,1,pocket_24,5.994513511657715,851.4766845703125
2wvt,2wvt,2,pocket_24,5.994513511657715,855.3087768554688
2wvt,2wvt,3,pocket_24,5.994513511657715,861.828369140625
2wvt,2wvt,4,pocket_24,5.994513511657715,867.1251220703125
2wvt,2wvt,5,pocket_24,5.994513511657715,871.5827026367188
2x00,2x00,1,pocket_3,9.617091178894043,2563.29296875
2x00,2x00,2,pocket_3,9.617091178894043,2563.4541015625
2x00,2x00,3,pocket_3,9.617091178894043,2570.70458984375
2x00,2x00,4,pocket_3,9.617091178894043,2573.734619140625
2x00,2x00,5,pocket_3,9.617091178894043,2579.916259765625
2xb8,2xb8,1,pocket_15,7.001951217651367,1455.52587890625
2xb8,2xb8,2,pocket_15,7.001951217651367,1460.3148193359375
2xb8,2xb8,3,pocket_15,7.001951217651367,1472.1868896484375
2xb8,2xb8,4,pocket_15,7.001951217651367,1473.94677734375
2xb8,2xb8,5,pocket_15,7.001951217651367,1479.68603515625
2xbv,2xbv,1,pocket_1,9.586278915405273,2331.684814453125
2xbv,2xbv,2,pocket_1,9.586278915405273,2360.626953125
2xbv,2xbv,3,pocket_1,9.586278915405273,2363.474609375
2xbv,2xbv,4,pocket_1,9.586278915405273,2372.596923828125
2xbv,2xbv,5,pocket_1,9.586278915405273,2386.107421875
2xdl,2xdl,1,pocket_1,5.287254810333252,1080.8125
2xdl,2xdl,2,pocket_1,5.287254810333252,1082.0076904296875
2xdl,2xdl,3,pocket_1,5.287254810333252,1092.66455078125
2xdl,2xdl,4,pocket_1,5.287254810333252,1093.81005859375
2xdl,2xdl,5,pocket_1,5.287254810333252,1101.336181640625
2xii,2xii,1,pocket_3,7.096365928649902,1798.978515625
2xii,2xii,2,pocket_3,7.096365928649902,1801.443115234375
2xii,2xii,3,pocket_3,7.096365928649902,1813.074951171875
2xii,2xii,4,pocket_3,7.096365928649902,1813.6326904296875
2xii,2xii,5,pocket_3,7.096365928649902,1918.7625732421875
2xj7,2xj7,1,pocket_3,7.214874267578125,1009.4627075195312
2xj7,2xj7,2,pocket_3,7.214874267578125,1013.34375
2xj7,2xj7,3,pocket_3,7.214874267578125,1021.0940551757812
2xj7,2xj7,4,pocket_3,7.214874267578125,1021.1641845703125
2xj7,2xj7,5,pocket_3,7.214874267578125,1029.5909423828125
2xnb,2xnb,1,pocket_6,7.923504829406738,1737.22412109375
2xnb,2xnb,2,pocket_6,7.923504829406738,1738.31005859375
2xnb,2xnb,3,pocket_6,7.923504829406738,1744.4595947265625
2xnb,2xnb,4,pocket_6,7.923504829406738,1745.17822265625
2xnb,2xnb,5,pocket_6,7.923504829406738,1751.6436767578125
2xys,2xys,1,pocket_2,7.629404067993164,1742.037353515625
2xys,2xys,2,pocket_2,7.629404067993164,1743.5823974609375
2xys,2xys,3,pocket_2,7.629404067993164,1747.0120849609375
2xys,2xys,4,pocket_2,7.629404067993164,1761.0328369140625
2xys,2xys,5,pocket_2,7.629404067993164,1773.383544921875
2y5h,2y5h,1,pocket_1,8.605870246887207,2018.72119140625
2y5h,2y5h,2,pocket_1,8.605870246887207,2026.66357421875
2y5h,2y5h,3,pocket_1,8.605870246887207,2027.0115966796875
2y5h,2y5h,4,pocket_1,8.605870246887207,2032.201171875
2y5h,2y5h,5,pocket_1,8.605870246887207,2035.930908203125
2yfe,2yfe,1,pocket_2,5.848444938659668,1778.006103515625
2yfe,2yfe,2,pocket_2,5.848444938659668,1788.000732421875
2yfe,2yfe,3,pocket_2,5.848444938659668,1797.516357421875
2yfe,2yfe,4,pocket_2,5.848444938659668,1798.156005859375
2yfe,2yfe,5,pocket_2,5.848444938659668,1801.5198974609375
2yge,2yge,1,protein_center,6.778408050537109,3005.264404296875
2yge,2yge,2,protein_center,6.778408050537109,3007.0947265625
2yge,2yge,3,protein_center,6.778408050537109,3021.49609375
2yge,2yge,4,protein_center,6.778408050537109,3023.43994140625
2yge,2yge,5,protein_center,6.778408050537109,3030.03173828125
2yki,2yki,1,protein_center,8.17265510559082,2336.15380859375
2yki,2yki,2,protein_center,8.17265510559082,2355.061767578125
2yki,2yki,3,protein_center,8.17265510559082,2359.763671875
2yki,2yki,4,protein_center,8.17265510559082,2360.295654296875
2yki,2yki,5,protein_center,8.17265510559082,2367.860107421875
2ymd,2ymd,1,pocket_9,5.7878031730651855,924.8516235351562
2ymd,2ymd,2,pocket_9,5.7878031730651855,925.7423095703125
2ymd,2ymd,3,pocket_9,5.7878031730651855,926.1171875
2ymd,2ymd,4,pocket_9,5.7878031730651855,933.7850341796875
2ymd,2ymd,5,pocket_9,5.7878031730651855,935.1695556640625
2zb1,2zb1,1,protein_center,7.773106575012207,1706.6500244140625
2zb1,2zb1,2,protein_center,7.773106575012207,1728.545166015625
2zb1,2zb1,3,protein_center,7.773106575012207,1730.8135986328125
2zb1,2zb1,4,protein_center,7.773106575012207,1732.342529296875
2zb1,2zb1,5,protein_center,7.773106575012207,1740.780517578125
2zcq,2zcq,1,protein_center,6.821867942810059,1721.195556640625
2zcq,2zcq,2,protein_center,6.821867942810059,1722.8538818359375
2zcq,2zcq,3,protein_center,6.821867942810059,1724.4781494140625
2zcq,2zcq,4,protein_center,6.821867942810059,1730.37353515625
2zcq,2zcq,5,protein_center,6.821867942810059,1736.730712890625
2zcr,2zcr,1,pocket_1,7.285920143127441,1993.6630859375
2zcr,2zcr,2,pocket_1,7.285920143127441,1993.687255859375
2zcr,2zcr,3,pocket_1,7.285920143127441,1997.113525390625
2zcr,2zcr,4,pocket_1,7.285920143127441,2015.166748046875
2zcr,2zcr,5,pocket_1,7.285920143127441,2015.9697265625
2zda,2zda,1,pocket_1,7.921871185302734,1852.8121337890625
2zda,2zda,2,pocket_1,7.921871185302734,1857.32568359375
2zda,2zda,3,pocket_1,7.921871185302734,1857.82080078125
2zda,2zda,4,pocket_1,7.921871185302734,1862.1995849609375
2zda,2zda,5,pocket_1,7.921871185302734,1874.6129150390625
2zy1,2zy1,1,protein_center,6.211277008056641,1625.40625
2zy1,2zy1,2,protein_center,6.211277008056641,1625.8255615234375
2zy1,2zy1,3,protein_center,6.211277008056641,1629.4700927734375
2zy1,2zy1,4,protein_center,6.211277008056641,1631.1024169921875
2zy1,2zy1,5,protein_center,6.211277008056641,1643.977783203125
3acw,3acw,1,pocket_1,6.185444355010986,1492.924560546875
3acw,3acw,2,pocket_1,6.185444355010986,1499.713134765625
3acw,3acw,3,pocket_1,6.185444355010986,1501.035400390625
3acw,3acw,4,pocket_1,6.185444355010986,1506.045166015625
3acw,3acw,5,pocket_1,6.185444355010986,1507.281005859375
3ag9,3ag9,1,pocket_1,7.045907974243164,4569.88134765625
3ag9,3ag9,2,pocket_1,7.045907974243164,4580.73779296875
3ag9,3ag9,3,pocket_1,7.045907974243164,4584.0166015625
3ag9,3ag9,4,pocket_1,7.045907974243164,4596.0654296875
3ag9,3ag9,5,pocket_1,7.045907974243164,4747.4072265625
3ao4,3ao4,1,pocket_6,3.0499162673950195,1055.6328125
3ao4,3ao4,2,pocket_6,3.0499162673950195,1057.019775390625
3ao4,3ao4,3,pocket_6,3.0499162673950195,1057.618896484375
3ao4,3ao4,4,pocket_6,3.0499162673950195,1061.284912109375
3ao4,3ao4,5,pocket_6,3.0499162673950195,1061.64453125
3arp,3arp,1,pocket_1,6.7300214767456055,2623.411376953125
3arp,3arp,2,pocket_1,6.7300214767456055,2678.76123046875
3arp,3arp,3,pocket_1,6.7300214767456055,2692.98486328125
3arp,3arp,4,pocket_1,6.7300214767456055,2807.5732421875
3arp,3arp,5,pocket_1,6.7300214767456055,3037.017333984375
3arq,3arq,1,pocket_1,6.454689025878906,2462.82373046875
3arq,3arq,2,pocket_1,6.454689025878906,2463.056396484375
3arq,3arq,3,pocket_1,6.454689025878906,2463.219482421875
3arq,3arq,4,pocket_1,6.454689025878906,2470.771728515625
3arq,3arq,5,pocket_1,6.454689025878906,2496.924072265625
3aru,3aru,1,pocket_10,5.006875991821289,1295.051025390625
3aru,3aru,2,pocket_10,5.006875991821289,1304.850341796875
3aru,3aru,3,pocket_10,5.006875991821289,1312.638671875
3aru,3aru,4,pocket_10,5.006875991821289,1318.08056640625
3aru,3aru,5,pocket_10,5.006875991821289,1324.985107421875
3arv,3arv,1,pocket_17,5.152101516723633,1961.085205078125
3arv,3arv,2,pocket_17,5.152101516723633,1968.7412109375
3arv,3arv,3,pocket_17,5.152101516723633,1968.8291015625
3arv,3arv,4,pocket_17,5.152101516723633,1976.76611328125
3arv,3arv,5,pocket_17,5.152101516723633,1977.9830322265625
3ary,3ary,1,protein_center,4.887158393859863,1221.1068115234375
3ary,3ary,2,protein_center,4.887158393859863,1222.5048828125
3ary,3ary,3,protein_center,4.887158393859863,1223.4803466796875
3ary,3ary,4,protein_center,4.887158393859863,1224.396484375
3ary,3ary,5,protein_center,4.887158393859863,1231.0333251953125
3b1m,3b1m,1,protein_center,7.727828025817871,2566.55517578125
3b1m,3b1m,2,protein_center,7.727828025817871,2572.883056640625
3b1m,3b1m,3,protein_center,7.727828025817871,2575.74853515625
3b1m,3b1m,4,protein_center,7.727828025817871,2579.062744140625
3b1m,3b1m,5,protein_center,7.727828025817871,2617.488525390625
3b27,3b27,1,protein_center,6.294445037841797,1002.8959350585938
3b27,3b27,2,protein_center,6.294445037841797,1006.8593139648438
3b27,3b27,3,protein_center,6.294445037841797,1008.1273803710938
3b27,3b27,4,protein_center,6.294445037841797,1015.50634765625
3b27,3b27,5,protein_center,6.294445037841797,1021.9861450195312
3b5r,3b5r,1,protein_center,9.09420108795166,1888.290283203125
3b5r,3b5r,2,protein_center,9.09420108795166,1892.6688232421875
3b5r,3b5r,3,protein_center,9.09420108795166,1896.45703125
3b5r,3b5r,4,protein_center,9.09420108795166,1897.3238525390625
3b5r,3b5r,5,protein_center,9.09420108795166,1918.6201171875
3b65,3b65,1,protein_center,8.598614692687988,1661.201904296875
3b65,3b65,2,protein_center,8.598614692687988,1670.3399658203125
3b65,3b65,3,protein_center,8.598614692687988,1676.4964599609375
3b65,3b65,4,protein_center,8.598614692687988,1683.558349609375
3b65,3b65,5,protein_center,8.598614692687988,1692.4400634765625
3b68,3b68,1,protein_center,8.880837440490723,2103.4755859375
3b68,3b68,2,protein_center,8.880837440490723,2108.53125
3b68,3b68,3,protein_center,8.880837440490723,2110.927734375
3b68,3b68,4,protein_center,8.880837440490723,2116.2109375
3b68,3b68,5,protein_center,8.880837440490723,2121.120849609375
3bgz,3bgz,1,protein_center,7.289158821105957,1591.019775390625
3bgz,3bgz,2,protein_center,7.289158821105957,1592.5941162109375
3bgz,3bgz,3,protein_center,7.289158821105957,1594.388427734375
3bgz,3bgz,4,protein_center,7.289158821105957,1602.26708984375
3bgz,3bgz,5,protein_center,7.289158821105957,1602.4542236328125
3bv9,3bv9,1,pocket_1,8.820772171020508,3183.946044921875
3bv9,3bv9,2,pocket_1,8.820772171020508,3193.62890625
3bv9,3bv9,3,pocket_1,8.820772171020508,3206.4365234375
3bv9,3bv9,4,pocket_1,8.820772171020508,3209.958251953125
3bv9,3bv9,5,pocket_1,8.820772171020508,3210.081298828125
3cj4,3cj4,1,pocket_1,5.602252006530762,1726.78271484375
3cj4,3cj4,2,pocket_1,5.602252006530762,1730.3035888671875
3cj4,3cj4,3,pocket_1,5.602252006530762,1732.96142578125
3cj4,3cj4,4,pocket_1,5.602252006530762,1736.93994140625
3cj4,3cj4,5,pocket_1,5.602252006530762,1758.279296875
3coy,3coy,1,pocket_2,5.590409278869629,2031.024169921875
3coy,3coy,2,pocket_2,5.590409278869629,2035.1689453125
3coy,3coy,3,pocket_2,5.590409278869629,2044.9461669921875
3coy,3coy,4,pocket_2,5.590409278869629,2051.02978515625
3coy,3coy,5,pocket_2,5.590409278869629,2052.66064453125
3coz,3coz,1,pocket_2,5.496197700500488,1937.216552734375
3coz,3coz,2,pocket_2,5.496197700500488,1945.8157958984375
3coz,3coz,3,pocket_2,5.496197700500488,1955.4913330078125
3coz,3coz,4,pocket_2,5.496197700500488,1959.668701171875
3coz,3coz,5,pocket_2,5.496197700500488,1970.155517578125
3cyx,3cyx,1,pocket_1,9.486379623413086,3307.6484375
3cyx,3cyx,2,pocket_1,9.486379623413086,3311.875244140625
3cyx,3cyx,3,pocket_1,9.486379623413086,3317.42041015625
3cyx,3cyx,4,pocket_1,9.486379623413086,3341.773681640625
3cyx,3cyx,5,pocket_1,9.486379623413086,3345.54052734375
3d4z,3d4z,1,pocket_2,5.703925132751465,869.1025390625
3d4z,3d4z,2,pocket_2,5.703925132751465,878.0149536132812
3d4z,3d4z,3,pocket_2,5.703925132751465,881.3328857421875
3d4z,3d4z,4,pocket_2,5.703925132751465,882.4591064453125
3d4z,3d4z,5,pocket_2,5.703925132751465,884.9933471679688
3d6q,3d6q,1,pocket_8,4.044038772583008,1365.870849609375
3d6q,3d6q,2,pocket_8,4.044038772583008,1367.98779296875
3d6q,3d6q,3,pocket_8,4.044038772583008,1384.85107421875
3d6q,3d6q,4,pocket_8,4.044038772583008,1387.7652587890625
3d6q,3d6q,5,pocket_8,4.044038772583008,1404.814697265625
3dd0,3dd0,1,pocket_1,8.202967643737793,1032.3734130859375
3dd0,3dd0,2,pocket_1,8.202967643737793,1042.8408203125
3dd0,3dd0,3,pocket_1,8.202967643737793,1043.1209716796875
3dd0,3dd0,4,pocket_1,8.202967643737793,1043.4249267578125
3dd0,3dd0,5,pocket_1,8.202967643737793,1044.84423828125
3dx1,3dx1,1,pocket_2,5.168460845947266,582.7455444335938
3dx1,3dx1,2,pocket_2,5.168460845947266,588.20556640625
3dx1,3dx1,3,pocket_2,5.168460845947266,589.64794921875
3dx1,3dx1,4,pocket_2,5.168460845947266,590.3500366210938
3dx1,3dx1,5,pocket_2,5.168460845947266,594.130859375
3dx2,3dx2,1,pocket_6,5.302871227264404,761.3453369140625
3dx2,3dx2,2,pocket_6,5.302871227264404,767.0330810546875
3dx2,3dx2,3,pocket_6,5.302871227264404,768.3564453125
3dx2,3dx2,4,pocket_6,5.302871227264404,772.2244262695312
3dx2,3dx2,5,pocket_6,5.302871227264404,776.2169799804688
3dxg,3dxg,1,pocket_8,4.317221641540527,1319.3033447265625
3dxg,3dxg,2,pocket_8,4.317221641540527,1328.9310302734375
3dxg,3dxg,3,pocket_8,4.317221641540527,1330.7921142578125
3dxg,3dxg,4,pocket_8,4.317221641540527,1333.665771484375
3dxg,3dxg,5,pocket_8,4.317221641540527,1336.9608154296875
3e5a,3e5a,1,protein_center,8.86709213256836,2179.34765625
3e5a,3e5a,2,protein_center,8.86709213256836,2186.5556640625
3e5a,3e5a,3,protein_center,8.86709213256836,2190.662841796875
3e5a,3e5a,4,protein_center,8.86709213256836,2193.326171875
3e5a,3e5a,5,protein_center,8.86709213256836,2201.7861328125
3e92,3e92,1,protein_center,8.10181713104248,1721.9296875
3e92,3e92,2,protein_center,8.10181713104248,1723.2718505859375
3e92,3e92,3,protein_center,8.10181713104248,1730.1612548828125
3e92,3e92,4,protein_center,8.10181713104248,1733.351806640625
3e92,3e92,5,protein_center,8.10181713104248,1734.272705078125
3e93,3e93,1,protein_center,7.66713809967041,2398.42822265625
3e93,3e93,2,protein_center,7.66713809967041,2403.37890625
3e93,3e93,3,protein_center,7.66713809967041,2405.483154296875
3e93,3e93,4,protein_center,7.66713809967041,2407.216552734375
3e93,3e93,5,protein_center,7.66713809967041,2420.576416015625
3ebp,3ebp,1,pocket_5,5.360267639160156,1852.3802490234375
3ebp,3ebp,2,pocket_5,5.360267639160156,1863.0784912109375
3ebp,3ebp,3,pocket_5,5.360267639160156,1865.3134765625
3ebp,3ebp,4,pocket_5,5.360267639160156,1866.1551513671875
3ebp,3ebp,5,pocket_5,5.360267639160156,1873.2200927734375
3ehy,3ehy,1,protein_center,7.1387128829956055,1105.10791015625
3ehy,3ehy,2,protein_center,7.1387128829956055,1105.173828125
3ehy,3ehy,3,protein_center,7.1387128829956055,1108.55078125
3ehy,3ehy,4,protein_center,7.1387128829956055,1109.9005126953125
3ehy,3ehy,5,protein_center,7.1387128829956055,1116.23876953125
3ejr,3ejr,1,pocket_2,6.755046844482422,1590.8558349609375
3ejr,3ejr,2,pocket_2,6.755046844482422,1591.6845703125
3ejr,3ejr,3,pocket_2,6.755046844482422,1597.852783203125
3ejr,3ejr,4,pocket_2,6.755046844482422,1600.1644287109375
3ejr,3ejr,5,pocket_2,6.755046844482422,1612.7225341796875
3f3a,3f3a,1,pocket_1,6.024805068969727,974.822509765625
3f3a,3f3a,2,pocket_1,6.024805068969727,978.551513671875
3f3a,3f3a,3,pocket_1,6.024805068969727,981.4032592773438
3f3a,3f3a,4,pocket_1,6.024805068969727,983.3815307617188
3f3a,3f3a,5,pocket_1,6.024805068969727,985.586181640625
3f3c,3f3c,1,pocket_1,6.661988258361816,879.739501953125
3f3c,3f3c,2,pocket_1,6.661988258361816,882.2144165039062
3f3c,3f3c,3,pocket_1,6.661988258361816,884.7056274414062
3f3c,3f3c,4,pocket_1,6.661988258361816,887.8082275390625
3f3c,3f3c,5,pocket_1,6.661988258361816,888.8253173828125
3f3d,3f3d,1,pocket_1,7.78123664855957,594.8532104492188
3f3d,3f3d,2,pocket_1,7.78123664855957,595.1044921875
3f3d,3f3d,3,pocket_1,7.78123664855957,597.9440307617188
3f3d,3f3d,4,pocket_1,7.78123664855957,598.42822265625
3f3d,3f3d,5,pocket_1,7.78123664855957,600.3012084960938
3f3e,3f3e,1,pocket_1,7.867802619934082,604.8284912109375
3f3e,3f3e,2,pocket_1,7.867802619934082,605.6640625
3f3e,3f3e,3,pocket_1,7.867802619934082,606.4586181640625
3f3e,3f3e,4,pocket_1,7.867802619934082,610.2684936523438
3f3e,3f3e,5,pocket_1,7.867802619934082,611.4202270507812
3fcq,3fcq,1,protein_center,3.77895450592041,944.029296875
3fcq,3fcq,2,protein_center,3.77895450592041,950.5912475585938
3fcq,3fcq,3,protein_center,3.77895450592041,952.4437255859375
3fcq,3fcq,4,protein_center,3.77895450592041,958.2626953125
3fcq,3fcq,5,protein_center,3.77895450592041,960.2326049804688
3fur,3fur,1,pocket_1,6.981365203857422,2147.66259765625
3fur,3fur,2,pocket_1,6.981365203857422,2151.033935546875
3fur,3fur,3,pocket_1,6.981365203857422,2151.173828125
3fur,3fur,4,pocket_1,6.981365203857422,2156.839599609375
3fur,3fur,5,pocket_1,6.981365203857422,2167.204833984375
3fv1,3fv1,1,pocket_3,8.701133728027344,1375.556396484375
3fv1,3fv1,2,pocket_3,8.701133728027344,1375.734375
3fv1,3fv1,3,pocket_3,8.701133728027344,1381.558349609375
3fv1,3fv1,4,pocket_3,8.701133728027344,1387.3590087890625
3fv1,3fv1,5,pocket_3,8.701133728027344,1401.190185546875
3fv2,3fv2,1,pocket_14,8.418122291564941,1326.388671875
3fv2,3fv2,2,pocket_14,8.418122291564941,1327.4229736328125
3fv2,3fv2,3,pocket_14,8.418122291564941,1332.1287841796875
3fv2,3fv2,4,pocket_14,8.418122291564941,1333.4052734375
3fv2,3fv2,5,pocket_14,8.418122291564941,1344.6611328125
3g0w,3g0w,1,protein_center,9.111188888549805,1601.80615234375
3g0w,3g0w,2,protein_center,9.111188888549805,1610.9962158203125
3g0w,3g0w,3,protein_center,9.111188888549805,1614.802001953125
3g0w,3g0w,4,protein_center,9.111188888549805,1616.860107421875
3g0w,3g0w,5,protein_center,9.111188888549805,1627.3671875
3g2n,3g2n,1,pocket_23,4.347550868988037,1300.9122314453125
3g2n,3g2n,2,pocket_23,4.347550868988037,1303.012939453125
3g2n,3g2n,3,pocket_23,4.347550868988037,1308.1072998046875
3g2n,3g2n,4,pocket_23,4.347550868988037,1308.4459228515625
3g2n,3g2n,5,pocket_23,4.347550868988037,1308.60400390625
3g2z,3g2z,1,pocket_1,2.494568347930908,853.6451416015625
3g2z,3g2z,2,pocket_1,2.494568347930908,858.917724609375
3g2z,3g2z,3,pocket_1,2.494568347930908,859.2976684570312
3g2z,3g2z,4,pocket_1,2.494568347930908,867.2489013671875
3g2z,3g2z,5,pocket_1,2.494568347930908,880.8934326171875
3g31,3g31,1,pocket_2,2.8572943210601807,1192.40625
3g31,3g31,2,pocket_2,2.8572943210601807,1193.3594970703125
3g31,3g31,3,pocket_2,2.8572943210601807,1197.2869873046875
3g31,3g31,4,pocket_2,2.8572943210601807,1198.188720703125
3g31,3g31,5,pocket_2,2.8572943210601807,1198.9803466796875
3gbb,3gbb,1,pocket_1,8.180163383483887,1236.0145263671875
3gbb,3gbb,2,pocket_1,8.180163383483887,1238.9515380859375
3gbb,3gbb,3,pocket_1,8.180163383483887,1241.3916015625
3gbb,3gbb,4,pocket_1,8.180163383483887,1248.0615234375
3gbb,3gbb,5,pocket_1,8.180163383483887,1253.8138427734375
3gc5,3gc5,1,protein_center,7.806161880493164,1245.0352783203125
3gc5,3gc5,2,protein_center,7.806161880493164,1255.46337890625
3gc5,3gc5,3,protein_center,7.806161880493164,1263.162353515625
3gc5,3gc5,4,protein_center,7.806161880493164,1263.5064697265625
3gc5,3gc5,5,protein_center,7.806161880493164,1266.2269287109375
3ge7,3ge7,1,protein_center,8.607623100280762,1653.0606689453125
3ge7,3ge7,2,protein_center,8.607623100280762,1664.2706298828125
3ge7,3ge7,3,protein_center,8.607623100280762,1665.0330810546875
3ge7,3ge7,4,protein_center,8.607623100280762,1670.21728515625
3ge7,3ge7,5,protein_center,8.607623100280762,1670.61376953125
3gnw,3gnw,1,pocket_2,7.825972557067871,2929.945556640625
3gnw,3gnw,2,pocket_2,7.825972557067871,2955.851806640625
3gnw,3gnw,3,pocket_2,7.825972557067871,2961.733642578125
3gnw,3gnw,4,pocket_2,7.825972557067871,2982.991455078125
3gnw,3gnw,5,pocket_2,7.825972557067871,2996.6591796875
3gr2,3gr2,1,pocket_1,3.374784469604492,950.0961303710938
3gr2,3gr2,2,pocket_1,3.374784469604492,957.9066162109375
3gr2,3gr2,3,pocket_1,3.374784469604492,960.90185546875
3gr2,3gr2,4,pocket_1,3.374784469604492,963.4796142578125
3gr2,3gr2,5,pocket_1,3.374784469604492,970.3753662109375
3gv9,3gv9,1,pocket_1,2.004368782043457,810.7140502929688
3gv9,3gv9,2,pocket_1,2.004368782043457,812.28564453125
3gv9,3gv9,3,pocket_1,2.004368782043457,812.9464721679688
3gv9,3gv9,4,pocket_1,2.004368782043457,814.8414916992188
3gv9,3gv9,5,pocket_1,2.004368782043457,815.8607788085938
3gy4,3gy4,1,pocket_7,3.434544563293457,662.0391845703125
3gy4,3gy4,2,pocket_7,3.434544563293457,666.7997436523438
3gy4,3gy4,3,pocket_7,3.434544563293457,668.6234130859375
3gy4,3gy4,4,pocket_7,3.434544563293457,669.9599609375
3gy4,3gy4,5,pocket_7,3.434544563293457,677.7576293945312
3ivg,3ivg,1,pocket_2,5.870120048522949,1913.33984375
3ivg,3ivg,2,pocket_2,5.870120048522949,1914.655029296875
3ivg,3ivg,3,pocket_2,5.870120048522949,1914.873779296875
3ivg,3ivg,4,pocket_2,5.870120048522949,1921.1884765625
3ivg,3ivg,5,pocket_2,5.870120048522949,1928.172607421875
3jvr,3jvr,1,pocket_1,6.274353981018066,1625.791259765625
3jvr,3jvr,2,pocket_1,6.274353981018066,1627.28076171875
3jvr,3jvr,3,pocket_1,6.274353981018066,1634.173583984375
3jvr,3jvr,4,pocket_1,6.274353981018066,1641.837646484375
3jvr,3jvr,5,pocket_1,6.274353981018066,1648.7723388671875
3jvs,3jvs,1,pocket_1,7.035457611083984,2248.81591796875
3jvs,3jvs,2,pocket_1,7.035457611083984,2253.14453125
3jvs,3jvs,3,pocket_1,7.035457611083984,2253.44189453125
3jvs,3jvs,4,pocket_1,7.035457611083984,2264.33935546875
3jvs,3jvs,5,pocket_1,7.035457611083984,2285.01513671875
3jya,3jya,1,protein_center,6.798063278198242,1053.3834228515625
3jya,3jya,2,protein_center,6.798063278198242,1055.9847412109375
3jya,3jya,3,protein_center,6.798063278198242,1057.094970703125
3jya,3jya,4,protein_center,6.798063278198242,1061.8553466796875
3jya,3jya,5,protein_center,6.798063278198242,1064.073486328125
3k5v,3k5v,1,pocket_3,6.375504493713379,1899.58056640625
3k5v,3k5v,2,pocket_3,6.375504493713379,1902.68359375
3k5v,3k5v,3,pocket_3,6.375504493713379,1907.891357421875
3k5v,3k5v,4,pocket_3,6.375504493713379,1912.3740234375
3k5v,3k5v,5,pocket_3,6.375504493713379,1913.0362548828125
3kgp,3kgp,1,pocket_1,3.5101375579833984,730.0576782226562
3kgp,3kgp,2,pocket_1,3.5101375579833984,735.6388549804688
3kgp,3kgp,3,pocket_1,3.5101375579833984,736.49853515625
3kgp,3kgp,4,pocket_1,3.5101375579833984,736.6232299804688
3kgp,3kgp,5,pocket_1,3.5101375579833984,737.7566528320312
3kr8,3kr8,1,pocket_1,7.668530464172363,1383.78564453125
3kr8,3kr8,2,pocket_1,7.668530464172363,1385.2708740234375
3kr8,3kr8,3,pocket_1,7.668530464172363,1389.0113525390625
3kr8,3kr8,4,pocket_1,7.668530464172363,1391.51513671875
3kr8,3kr8,5,pocket_1,7.668530464172363,1392.5638427734375
3kwa,3kwa,1,protein_center,4.400850772857666,948.9147338867188
3kwa,3kwa,2,protein_center,4.400850772857666,953.99755859375
3kwa,3kwa,3,protein_center,4.400850772857666,954.1372680664062
3kwa,3kwa,4,protein_center,4.400850772857666,958.1063232421875
3kwa,3kwa,5,protein_center,4.400850772857666,959.141357421875
3l7b,3l7b,1,pocket_24,4.50523042678833,1208.4599609375
3l7b,3l7b,2,pocket_24,4.50523042678833,1215.8341064453125
3l7b,3l7b,3,pocket_24,4.50523042678833,1220.436767578125
3l7b,3l7b,4,pocket_24,4.50523042678833,1223.775390625
3l7b,3l7b,5,pocket_24,4.50523042678833,1232.03125
3lka,3lka,1,pocket_3,5.029973983764648,782.4986572265625
3lka,3lka,2,pocket_3,5.029973983764648,785.40234375
3lka,3lka,3,pocket_3,5.029973983764648,787.405517578125
3lka,3lka,4,pocket_3,5.029973983764648,792.7007446289062
3lka,3lka,5,pocket_3,5.029973983764648,802.6063842773438
3mss,3mss,1,pocket_1,5.133113861083984,1737.7236328125
3mss,3mss,2,pocket_1,5.133113861083984,1793.49169921875
3mss,3mss,3,pocket_1,5.133113861083984,1802.6265869140625
3mss,3mss,4,pocket_1,5.133113861083984,1803.800537109375
3mss,3mss,5,pocket_1,5.133113861083984,1815.764892578125
3myg,3myg,1,protein_center,8.340741157531738,1911.442626953125
3myg,3myg,2,protein_center,8.340741157531738,1930.906494140625
3myg,3myg,3,protein_center,8.340741157531738,1931.7042236328125
3myg,3myg,4,protein_center,8.340741157531738,1932.519287109375
3myg,3myg,5,protein_center,8.340741157531738,1941.2353515625
3n76,3n76,1,pocket_7,5.822465419769287,1462.42431640625
3n76,3n76,2,pocket_7,5.822465419769287,1477.0352783203125
3n76,3n76,3,pocket_7,5.822465419769287,1479.473876953125
3n76,3n76,4,pocket_7,5.822465419769287,1482.4962158203125
3n76,3n76,5,pocket_7,5.822465419769287,1484.753173828125
3n7a,3n7a,1,protein_center,4.427095413208008,776.1405029296875
3n7a,3n7a,2,protein_center,4.427095413208008,776.1720581054688
3n7a,3n7a,3,protein_center,4.427095413208008,780.031494140625
3n7a,3n7a,4,protein_center,4.427095413208008,781.7973022460938
3n7a,3n7a,5,protein_center,4.427095413208008,784.9328002929688
3n86,3n86,1,protein_center,5.699582099914551,1517.6778564453125
3n86,3n86,2,protein_center,5.699582099914551,1518.6121826171875
3n86,3n86,3,protein_center,5.699582099914551,1518.6846923828125
3n86,3n86,4,protein_center,5.699582099914551,1519.816650390625
3n86,3n86,5,protein_center,5.699582099914551,1524.395263671875
3nq9,3nq9,1,protein_center,5.813711166381836,634.047607421875
3nq9,3nq9,2,protein_center,5.813711166381836,637.623779296875
3nq9,3nq9,3,protein_center,5.813711166381836,641.233642578125
3nq9,3nq9,4,protein_center,5.813711166381836,643.1212158203125
3nq9,3nq9,5,protein_center,5.813711166381836,648.055419921875
3nw9,3nw9,1,pocket_3,8.41387939453125,2383.516845703125
3nw9,3nw9,2,pocket_3,8.41387939453125,2385.919189453125
3nw9,3nw9,3,pocket_3,8.41387939453125,2400.031982421875
3nw9,3nw9,4,pocket_3,8.41387939453125,2406.912353515625
3nw9,3nw9,5,pocket_3,8.41387939453125,2408.52783203125
3nx7,3nx7,1,protein_center,8.282716751098633,1272.264892578125
3nx7,3nx7,2,protein_center,8.282716751098633,1281.98388671875
3nx7,3nx7,3,protein_center,8.282716751098633,1284.2681884765625
3nx7,3nx7,4,protein_center,8.282716751098633,1285.2176513671875
3nx7,3nx7,5,protein_center,8.282716751098633,1299.8040771484375
3o9i,3o9i,1,protein_center,12.707396507263184,2747.563232421875
3o9i,3o9i,2,protein_center,12.707396507263184,2750.13330078125
3o9i,3o9i,3,protein_center,12.707396507263184,2754.770751953125
3o9i,3o9i,4,protein_center,12.707396507263184,2774.57958984375
3o9i,3o9i,5,protein_center,12.707396507263184,2774.6767578125
3oe4,3oe4,1,pocket_5,7.667692184448242,2077.63623046875
3oe4,3oe4,2,pocket_5,7.667692184448242,2078.818603515625
3oe4,3oe4,3,pocket_5,7.667692184448242,2079.627685546875
3oe4,3oe4,4,pocket_5,7.667692184448242,2084.34521484375
3oe4,3oe4,5,pocket_5,7.667692184448242,2089.397705078125
3oe5,3oe5,1,pocket_6,7.221183776855469,1994.4071044921875
3oe5,3oe5,2,pocket_6,7.221183776855469,1996.5159912109375
3oe5,3oe5,3,pocket_6,7.221183776855469,2001.5062255859375
3oe5,3oe5,4,pocket_6,7.221183776855469,2003.53857421875
3oe5,3oe5,5,pocket_6,7.221183776855469,2004.009765625
3ozs,3ozs,1,pocket_7,7.70439338684082,2072.23486328125
3ozs,3ozs,2,pocket_7,7.70439338684082,2089.62353515625
3ozs,3ozs,3,pocket_7,7.70439338684082,2094.450439453125
3ozs,3ozs,4,pocket_7,7.70439338684082,2096.513427734375
3ozs,3ozs,5,pocket_7,7.70439338684082,2104.776123046875
3ozt,3ozt,1,pocket_7,7.395815849304199,1956.317626953125
3ozt,3ozt,2,pocket_7,7.395815849304199,1971.87841796875
3ozt,3ozt,3,pocket_7,7.395815849304199,1976.2900390625
3ozt,3ozt,4,pocket_7,7.395815849304199,1978.0076904296875
3ozt,3ozt,5,pocket_7,7.395815849304199,1988.3935546875
3p5o,3p5o,1,protein_center,6.921535491943359,1854.953857421875
3p5o,3p5o,2,protein_center,6.921535491943359,1861.6256103515625
3p5o,3p5o,3,protein_center,6.921535491943359,1864.892578125
3p5o,3p5o,4,protein_center,6.921535491943359,1873.3094482421875
3p5o,3p5o,5,protein_center,6.921535491943359,1877.2840576171875
3prs,3prs,1,protein_center,8.350750923156738,3342.3359375
3prs,3prs,2,protein_center,8.350750923156738,3363.111328125
3prs,3prs,3,protein_center,8.350750923156738,3363.76220703125
3prs,3prs,4,protein_center,8.350750923156738,3372.368896484375
3prs,3prs,5,protein_center,8.350750923156738,3500.12890625
3pww,3pww,1,pocket_13,7.965692520141602,3225.923583984375
3pww,3pww,2,pocket_13,7.965692520141602,3236.02197265625
3pww,3pww,3,pocket_13,7.965692520141602,3236.69091796875
3pww,3pww,4,pocket_13,7.965692520141602,3238.068359375
3pww,3pww,5,pocket_13,7.965692520141602,3240.032958984375
3pxf,3pxf,1,pocket_2,5.2164835929870605,1454.324462890625
3pxf,3pxf,2,pocket_2,5.2164835929870605,1455.44873046875
3pxf,3pxf,3,pocket_2,5.2164835929870605,1456.3892822265625
3pxf,3pxf,4,pocket_2,5.2164835929870605,1467.2623291015625
3pxf,3pxf,5,pocket_2,5.2164835929870605,1468.485107421875
3pyy,3pyy,1,pocket_5,6.427490234375,1686.3751220703125
3pyy,3pyy,2,pocket_5,6.427490234375,1694.8934326171875
3pyy,3pyy,3,pocket_5,6.427490234375,1699.04736328125
3pyy,3pyy,4,pocket_5,6.427490234375,1699.103271484375
3pyy,3pyy,5,pocket_5,6.427490234375,1708.1058349609375
3qgy,3qgy,1,pocket_1,8.308309555053711,1970.1993408203125
3qgy,3qgy,2,pocket_1,8.308309555053711,1980.8656005859375
3qgy,3qgy,3,pocket_1,8.308309555053711,1982.2281494140625
3qgy,3qgy,4,pocket_1,8.308309555053711,1992.48974609375
3qgy,3qgy,5,pocket_1,8.308309555053711,2015.4110107421875
3qqs,3qqs,1,pocket_2,5.145291328430176,1474.6923828125
3qqs,3qqs,2,pocket_2,5.145291328430176,1475.9322509765625
3qqs,3qqs,3,pocket_2,5.145291328430176,1483.69970703125
3qqs,3qqs,4,pocket_2,5.145291328430176,1484.921142578125
3qqs,3qqs,5,pocket_2,5.145291328430176,1495.64013671875
3r88,3r88,1,pocket_2,3.8752455711364746,1044.953125
3r88,3r88,2,pocket_2,3.8752455711364746,1057.0137939453125
3r88,3r88,3,pocket_2,3.8752455711364746,1057.53271484375
3r88,3r88,4,pocket_2,3.8752455711364746,1057.8018798828125
3r88,3r88,5,pocket_2,3.8752455711364746,1060.9317626953125
3rlr,3rlr,1,pocket_2,7.955756187438965,1482.5069580078125
3rlr,3rlr,2,pocket_2,7.955756187438965,1484.8260498046875
3rlr,3rlr,3,pocket_2,7.955756187438965,1492.0228271484375
3rlr,3rlr,4,pocket_2,7.955756187438965,1494.9180908203125
3rlr,3rlr,5,pocket_2,7.955756187438965,1499.7835693359375
3rr4,3rr4,1,protein_center,6.886806488037109,1131.6727294921875
3rr4,3rr4,2,protein_center,6.886806488037109,1140.0062255859375
3rr4,3rr4,3,protein_center,6.886806488037109,1142.9625244140625
3rr4,3rr4,4,protein_center,6.886806488037109,1143.9786376953125
3rr4,3rr4,5,protein_center,6.886806488037109,1153.4871826171875
3rsx,3rsx,1,protein_center,3.581681251525879,1069.19677734375
3rsx,3rsx,2,protein_center,3.581681251525879,1074.50146484375
3rsx,3rsx,3,protein_center,3.581681251525879,1075.4371337890625
3rsx,3rsx,4,protein_center,3.581681251525879,1084.8350830078125
3rsx,3rsx,5,protein_center,3.581681251525879,1086.269287109375
3ryj,3ryj,1,pocket_1,7.974247932434082,1175.3468017578125
3ryj,3ryj,2,pocket_1,7.974247932434082,1179.6280517578125
3ryj,3ryj,3,pocket_1,7.974247932434082,1184.547119140625
3ryj,3ryj,4,pocket_1,7.974247932434082,1184.668212890625
3ryj,3ryj,5,pocket_1,7.974247932434082,1193.1966552734375
3syr,3syr,1,pocket_1,4.21951961517334,1273.1190185546875
3syr,3syr,2,pocket_1,4.21951961517334,1273.6409912109375
3syr,3syr,3,pocket_1,4.21951961517334,1281.2579345703125
3syr,3syr,4,pocket_1,4.21951961517334,1283.4849853515625
3syr,3syr,5,pocket_1,4.21951961517334,1285.344482421875
3tsk,3tsk,1,protein_center,8.676645278930664,2596.216796875
3tsk,3tsk,2,protein_center,8.676645278930664,2597.68017578125
3tsk,3tsk,3,protein_center,8.676645278930664,2601.617919921875
3tsk,3tsk,4,protein_center,8.676645278930664,2606.26611328125
3tsk,3tsk,5,protein_center,8.676645278930664,2624.552490234375
3twp,3twp,1,pocket_1,3.8749866485595703,672.1500854492188
3twp,3twp,2,pocket_1,3.8749866485595703,677.7687377929688
3twp,3twp,3,pocket_1,3.8749866485595703,678.2501220703125
3twp,3twp,4,pocket_1,3.8749866485595703,680.5225830078125
3twp,3twp,5,pocket_1,3.8749866485595703,688.1712646484375
3u5j,3u5j,1,protein_center,5.994363784790039,1363.93310546875
3u5j,3u5j,2,protein_center,5.994363784790039,1364.553955078125
3u5j,3u5j,3,protein_center,5.994363784790039,1370.7645263671875
3u5j,3u5j,4,protein_center,5.994363784790039,1391.452392578125
3u5j,3u5j,5,protein_center,5.994363784790039,1393.566162109375
3u8k,3u8k,1,pocket_9,8.405006408691406,1036.5062255859375
3u8k,3u8k,2,pocket_9,8.405006408691406,1040.844482421875
3u8k,3u8k,3,pocket_9,8.405006408691406,1041.58935546875
3u8k,3u8k,4,pocket_9,8.405006408691406,1043.9034423828125
3u8k,3u8k,5,pocket_9,8.405006408691406,1057.26708984375
3u8n,3u8n,1,protein_center,8.26192569732666,1117.3043212890625
3u8n,3u8n,2,protein_center,8.26192569732666,1121.3837890625
3u8n,3u8n,3,protein_center,8.26192569732666,1126.5479736328125
3u8n,3u8n,4,protein_center,8.26192569732666,1132.7371826171875
3u8n,3u8n,5,protein_center,8.26192569732666,1132.8621826171875
3u9q,3u9q,1,pocket_8,4.871241569519043,795.8936157226562
3u9q,3u9q,2,pocket_8,4.871241569519043,804.5474243164062
3u9q,3u9q,3,pocket_8,4.871241569519043,808.361328125
3u9q,3u9q,4,pocket_8,4.871241569519043,811.4694213867188
3u9q,3u9q,5,pocket_8,4.871241569519043,812.9749145507812
3udh,3udh,1,protein_center,4.557977676391602,900.9451904296875
3udh,3udh,2,protein_center,4.557977676391602,903.6354370117188
3udh,3udh,3,protein_center,4.557977676391602,910.1387939453125
3udh,3udh,4,protein_center,4.557977676391602,919.1918334960938
3udh,3udh,5,protein_center,4.557977676391602,923.2296142578125
3ueu,3ueu,1,protein_center,6.864139556884766,905.2562255859375
3ueu,3ueu,2,protein_center,6.864139556884766,906.7559204101562
3ueu,3ueu,3,protein_center,6.864139556884766,913.718017578125
3ueu,3ueu,4,protein_center,6.864139556884766,914.649169921875
3ueu,3ueu,5,protein_center,6.864139556884766,915.6399536132812
3uev,3uev,1,pocket_1,6.958185195922852,1050.503173828125
3uev,3uev,2,pocket_1,6.958185195922852,1056.2816162109375
3uev,3uev,3,pocket_1,6.958185195922852,1057.53662109375
3uev,3uev,4,pocket_1,6.958185195922852,1061.9775390625
3uev,3uev,5,pocket_1,6.958185195922852,1066.642822265625
3uew,3uew,1,protein_center,6.809720039367676,1202.1005859375
3uew,3uew,2,protein_center,6.809720039367676,1209.7247314453125
3uew,3uew,3,protein_center,6.809720039367676,1210.2847900390625
3uew,3uew,4,protein_center,6.809720039367676,1211.6275634765625
3uew,3uew,5,protein_center,6.809720039367676,1215.2242431640625
3uex,3uex,1,pocket_1,6.8335113525390625,1345.1585693359375
3uex,3uex,2,pocket_1,6.8335113525390625,1350.4339599609375
3uex,3uex,3,pocket_1,6.8335113525390625,1359.807861328125
3uex,3uex,4,pocket_1,6.8335113525390625,1360.8023681640625
3uex,3uex,5,pocket_1,6.8335113525390625,1372.3797607421875
3ui7,3ui7,1,pocket_2,7.899243354797363,1591.7501220703125
3ui7,3ui7,2,pocket_2,7.899243354797363,1593.4761962890625
3ui7,3ui7,3,pocket_2,7.899243354797363,1595.279052734375
3ui7,3ui7,4,pocket_2,7.899243354797363,1596.7098388671875
3ui7,3ui7,5,pocket_2,7.899243354797363,1597.697021484375
3uo4,3uo4,1,protein_center,7.655300140380859,1901.149169921875
3uo4,3uo4,2,protein_center,7.655300140380859,1904.9447021484375
3uo4,3uo4,3,protein_center,7.655300140380859,1910.5863037109375
3uo4,3uo4,4,protein_center,7.655300140380859,1917.1766357421875
3uo4,3uo4,5,protein_center,7.655300140380859,1923.74169921875
3up2,3up2,1,protein_center,7.271333694458008,1793.882080078125
3up2,3up2,2,protein_center,7.271333694458008,1797.5294189453125
3up2,3up2,3,protein_center,7.271333694458008,1803.112548828125
3up2,3up2,4,protein_center,7.271333694458008,1805.682861328125
3up2,3up2,5,protein_center,7.271333694458008,1806.379150390625
3uri,3uri,1,pocket_19,7.527500152587891,4319.82666015625
3uri,3uri,2,pocket_19,7.527500152587891,4364.18896484375
3uri,3uri,3,pocket_19,7.527500152587891,4370.51220703125
3uri,3uri,4,pocket_19,7.527500152587891,4380.17724609375
3uri,3uri,5,pocket_19,7.527500152587891,4381.509765625
3utu,3utu,1,pocket_1,8.959680557250977,3047.343017578125
3utu,3utu,2,pocket_1,8.959680557250977,3061.86328125
3utu,3utu,3,pocket_1,8.959680557250977,3069.1787109375
3utu,3utu,4,pocket_1,8.959680557250977,3079.609619140625
3utu,3utu,5,pocket_1,8.959680557250977,3087.8955078125
3uuo,3uuo,1,pocket_2,7.418684005737305,1531.4039306640625
3uuo,3uuo,2,pocket_2,7.418684005737305,1537.30029296875
3uuo,3uuo,3,pocket_2,7.418684005737305,1537.447509765625
3uuo,3uuo,4,pocket_2,7.418684005737305,1545.201904296875
3uuo,3uuo,5,pocket_2,7.418684005737305,1548.4306640625
3wtj,3wtj,1,pocket_5,7.8683319091796875,1005.3262329101562
3wtj,3wtj,2,pocket_5,7.8683319091796875,1009.2947998046875
3wtj,3wtj,3,pocket_5,7.8683319091796875,1013.6943969726562
3wtj,3wtj,4,pocket_5,7.8683319091796875,1016.8544311523438
3wtj,3wtj,5,pocket_5,7.8683319091796875,1035.3629150390625
3wz8,3wz8,1,protein_center,6.0938825607299805,2365.2578125
3wz8,3wz8,2,protein_center,6.0938825607299805,2371.42431640625
3wz8,3wz8,3,protein_center,6.0938825607299805,2375.111572265625
3wz8,3wz8,4,protein_center,6.0938825607299805,2379.008056640625
3wz8,3wz8,5,protein_center,6.0938825607299805,2382.189208984375
3zdg,3zdg,1,protein_center,6.426462173461914,866.2076416015625
3zdg,3zdg,2,protein_center,6.426462173461914,872.125
3zdg,3zdg,3,protein_center,6.426462173461914,873.9400024414062
3zdg,3zdg,4,protein_center,6.426462173461914,878.1219482421875
3zdg,3zdg,5,protein_center,6.426462173461914,878.70947265625
3zso,3zso,1,pocket_1,5.405733108520508,3387.27197265625
3zso,3zso,2,pocket_1,5.405733108520508,3389.98486328125
3zso,3zso,3,pocket_1,5.405733108520508,3401.96142578125
3zso,3zso,4,pocket_1,5.405733108520508,3479.163330078125
3zso,3zso,5,pocket_1,5.405733108520508,3488.91748046875
3zsx,3zsx,1,pocket_1,4.221060752868652,2192.476806640625
3zsx,3zsx,2,pocket_1,4.221060752868652,2250.18359375
3zsx,3zsx,3,pocket_1,4.221060752868652,2369.6337890625
3zsx,3zsx,4,pocket_1,4.221060752868652,2391.5185546875
3zsx,3zsx,5,pocket_1,4.221060752868652,2417.080322265625
3zt2,3zt2,1,pocket_10,3.968905210494995,1453.4683837890625
3zt2,3zt2,2,pocket_10,3.968905210494995,1457.262451171875
3zt2,3zt2,3,pocket_10,3.968905210494995,1462.421630859375
3zt2,3zt2,4,pocket_10,3.968905210494995,1465.098876953125
3zt2,3zt2,5,pocket_10,3.968905210494995,1470.073974609375
4abg,4abg,1,pocket_2,3.2853407859802246,947.3410034179688
4abg,4abg,2,pocket_2,3.2853407859802246,950.273681640625
4abg,4abg,3,pocket_2,3.2853407859802246,959.8528442382812
4abg,4abg,4,pocket_2,3.2853407859802246,960.5276489257812
4abg,4abg,5,pocket_2,3.2853407859802246,970.5601196289062
4agn,4agn,1,pocket_6,5.166825294494629,1520.4560546875
4agn,4agn,2,pocket_6,5.166825294494629,1520.540771484375
4agn,4agn,3,pocket_6,5.166825294494629,1525.988525390625
4agn,4agn,4,pocket_6,5.166825294494629,1526.154296875
4agn,4agn,5,pocket_6,5.166825294494629,1549.742431640625
4agp,4agp,1,pocket_10,5.698697090148926,1880.7587890625
4agp,4agp,2,pocket_10,5.698697090148926,1891.732177734375
4agp,4agp,3,pocket_10,5.698697090148926,1894.882568359375
4agp,4agp,4,pocket_10,5.698697090148926,1896.9202880859375
4agp,4agp,5,pocket_10,5.698697090148926,1911.4434814453125
4agq,4agq,1,pocket_7,5.841076850891113,1900.142822265625
4agq,4agq,2,pocket_7,5.841076850891113,1913.854248046875
4agq,4agq,3,pocket_7,5.841076850891113,1923.83984375
4agq,4agq,4,pocket_7,5.841076850891113,1926.3812255859375
4agq,4agq,5,pocket_7,5.841076850891113,1927.34814453125
4bkt,4bkt,1,pocket_1,2.9978227615356445,1212.88232421875
4bkt,4bkt,2,pocket_1,2.9978227615356445,1217.183837890625
4bkt,4bkt,3,pocket_1,2.9978227615356445,1226.0821533203125
4bkt,4bkt,4,pocket_1,2.9978227615356445,1226.18212890625
4bkt,4bkt,5,pocket_1,2.9978227615356445,1235.37255859375
4cig,4cig,1,pocket_1,4.541367530822754,2454.3583984375
4cig,4cig,2,pocket_1,4.541367530822754,2519.114013671875
4cig,4cig,3,pocket_1,4.541367530822754,2528.37109375
4cig,4cig,4,pocket_1,4.541367530822754,2543.79541015625
4cig,4cig,5,pocket_1,4.541367530822754,2555.08447265625
4ciw,4ciw,1,pocket_22,4.673325538635254,985.8421630859375
4ciw,4ciw,2,pocket_22,4.673325538635254,986.5958251953125
4ciw,4ciw,3,pocket_22,4.673325538635254,987.8539428710938
4ciw,4ciw,4,pocket_22,4.673325538635254,988.8718872070312
4ciw,4ciw,5,pocket_22,4.673325538635254,1001.9759521484375
4cr9,4cr9,1,protein_center,4.112754821777344,852.0152587890625
4cr9,4cr9,2,protein_center,4.112754821777344,853.2415771484375
4cr9,4cr9,3,protein_center,4.112754821777344,853.7919311523438
4cr9,4cr9,4,protein_center,4.112754821777344,856.3548583984375
4cr9,4cr9,5,protein_center,4.112754821777344,858.3842163085938
4cra,4cra,1,protein_center,9.360770225524902,2472.5087890625
4cra,4cra,2,protein_center,9.360770225524902,2472.6669921875
4cra,4cra,3,protein_center,9.360770225524902,2474.314453125
4cra,4cra,4,protein_center,9.360770225524902,2489.15478515625
4cra,4cra,5,protein_center,9.360770225524902,2515.524658203125
4crc,4crc,1,protein_center,8.69886302947998,2528.56201171875
4crc,4crc,2,protein_center,8.69886302947998,2528.971923828125
4crc,4crc,3,protein_center,8.69886302947998,2534.827392578125
4crc,4crc,4,protein_center,8.69886302947998,2536.955810546875
4crc,4crc,5,protein_center,8.69886302947998,2551.57177734375
4ddh,4ddh,1,pocket_1,4.24320650100708,975.7263793945312
4ddh,4ddh,2,pocket_1,4.24320650100708,979.7225952148438
4ddh,4ddh,3,pocket_1,4.24320650100708,984.7898559570312
4ddh,4ddh,4,pocket_1,4.24320650100708,985.2879028320312
4ddh,4ddh,5,pocket_1,4.24320650100708,999.8555908203125
4ddk,4ddk,1,pocket_10,3.159104108810425,813.4913940429688
4ddk,4ddk,2,pocket_10,3.159104108810425,813.710205078125
4ddk,4ddk,3,pocket_10,3.159104108810425,814.53662109375
4ddk,4ddk,4,pocket_10,3.159104108810425,817.1302490234375
4ddk,4ddk,5,pocket_10,3.159104108810425,818.1033325195312
4de1,4de1,1,pocket_1,4.7988481521606445,1500.003662109375
4de1,4de1,2,pocket_1,4.7988481521606445,1504.822998046875
4de1,4de1,3,pocket_1,4.7988481521606445,1513.836669921875
4de1,4de1,4,pocket_1,4.7988481521606445,1517.544677734375
4de1,4de1,5,pocket_1,4.7988481521606445,1524.7894287109375
4de2,4de2,1,pocket_11,5.470712661743164,1572.640869140625
4de2,4de2,2,pocket_11,5.470712661743164,1581.9266357421875
4de2,4de2,3,pocket_11,5.470712661743164,1583.951904296875
4de2,4de2,4,pocket_11,5.470712661743164,1585.36083984375
4de2,4de2,5,pocket_11,5.470712661743164,1599.9248046875
4de3,4de3,1,pocket_7,4.193304538726807,1373.9830322265625
4de3,4de3,2,pocket_7,4.193304538726807,1374.8438720703125
4de3,4de3,3,pocket_7,4.193304538726807,1376.6363525390625
4de3,4de3,4,pocket_7,4.193304538726807,1379.148681640625
4de3,4de3,5,pocket_7,4.193304538726807,1396.6234130859375
4djv,4djv,1,pocket_1,5.850517272949219,1766.8857421875
4djv,4djv,2,pocket_1,5.850517272949219,1775.85791015625
4djv,4djv,3,pocket_1,5.850517272949219,1777.80078125
4djv,4djv,4,pocket_1,5.850517272949219,1780.117431640625
4djv,4djv,5,pocket_1,5.850517272949219,1781.4461669921875
4dld,4dld,1,pocket_2,7.661728858947754,1367.2542724609375
4dld,4dld,2,pocket_2,7.661728858947754,1376.3779296875
4dld,4dld,3,pocket_2,7.661728858947754,1379.239990234375
4dld,4dld,4,pocket_2,7.661728858947754,1383.9833984375
4dld,4dld,5,pocket_2,7.661728858947754,1389.774169921875
4dli,4dli,1,protein_center,5.695137977600098,1448.42919921875
4dli,4dli,2,protein_center,5.695137977600098,1454.2919921875
4dli,4dli,3,protein_center,5.695137977600098,1459.0931396484375
4dli,4dli,4,protein_center,5.695137977600098,1474.99658203125
4dli,4dli,5,protein_center,5.695137977600098,1489.3795166015625
4e5w,4e5w,1,pocket_9,8.898454666137695,1872.146484375
4e5w,4e5w,2,pocket_9,8.898454666137695,1876.388427734375
4e5w,4e5w,3,pocket_9,8.898454666137695,1876.5362548828125
4e5w,4e5w,4,pocket_9,8.898454666137695,1894.044921875
4e5w,4e5w,5,pocket_9,8.898454666137695,1901.2847900390625
4e6q,4e6q,1,pocket_1,8.054372787475586,1628.1385498046875
4e6q,4e6q,2,pocket_1,8.054372787475586,1628.485595703125
4e6q,4e6q,3,pocket_1,8.054372787475586,1630.9639892578125
4e6q,4e6q,4,pocket_1,8.054372787475586,1632.53173828125
4e6q,4e6q,5,pocket_1,8.054372787475586,1639.425048828125
4ea2,4ea2,1,pocket_3,6.89307975769043,1661.4783935546875
4ea2,4ea2,2,pocket_3,6.89307975769043,1664.012939453125
4ea2,4ea2,3,pocket_3,6.89307975769043,1666.2503662109375
4ea2,4ea2,4,pocket_3,6.89307975769043,1678.701416015625
4ea2,4ea2,5,pocket_3,6.89307975769043,1919.0748291015625
4eky,4eky,1,protein_center,4.378177642822266,1533.74951171875
4eky,4eky,2,protein_center,4.378177642822266,1534.368408203125
4eky,4eky,3,protein_center,4.378177642822266,1542.9102783203125
4eky,4eky,4,protein_center,4.378177642822266,1547.7789306640625
4eky,4eky,5,protein_center,4.378177642822266,1556.0977783203125
4eo8,4eo8,1,pocket_10,7.263561248779297,1731.084228515625
4eo8,4eo8,2,pocket_10,7.263561248779297,1735.032470703125
4eo8,4eo8,3,pocket_10,7.263561248779297,1744.918212890625
4eo8,4eo8,4,pocket_10,7.263561248779297,1745.602783203125
4eo8,4eo8,5,pocket_10,7.263561248779297,1748.035400390625
4eor,4eor,1,pocket_4,7.385490417480469,1803.725341796875
4eor,4eor,2,pocket_4,7.385490417480469,1817.0078125
4eor,4eor,3,pocket_4,7.385490417480469,1817.426513671875
4eor,4eor,4,pocket_4,7.385490417480469,1825.41455078125
4eor,4eor,5,pocket_4,7.385490417480469,1830.30078125
4f09,4f09,1,protein_center,7.627763748168945,1207.836181640625
4f09,4f09,2,protein_center,7.627763748168945,1212.219482421875
4f09,4f09,3,protein_center,7.627763748168945,1215.166015625
4f09,4f09,4,protein_center,7.627763748168945,1215.734619140625
4f09,4f09,5,protein_center,7.627763748168945,1224.640625
4f2w,4f2w,1,pocket_2,9.920512199401855,1272.2401123046875
4f2w,4f2w,2,pocket_2,9.920512199401855,1275.012451171875
4f2w,4f2w,3,pocket_2,9.920512199401855,1276.660888671875
4f2w,4f2w,4,pocket_2,9.920512199401855,1277.3875732421875
4f2w,4f2w,5,pocket_2,9.920512199401855,1278.729736328125
4f3c,4f3c,1,pocket_3,9.800777435302734,1474.93896484375
4f3c,4f3c,2,pocket_3,9.800777435302734,1482.5723876953125
4f3c,4f3c,3,pocket_3,9.800777435302734,1483.569091796875
4f3c,4f3c,4,pocket_3,9.800777435302734,1485.7498779296875
4f3c,4f3c,5,pocket_3,9.800777435302734,1508.8704833984375
4f9w,4f9w,1,pocket_6,8.137813568115234,1669.2779541015625
4f9w,4f9w,2,pocket_6,8.137813568115234,1676.19287109375
4f9w,4f9w,3,pocket_6,8.137813568115234,1682.41552734375
4f9w,4f9w,4,pocket_6,8.137813568115234,1696.1556396484375
4f9w,4f9w,5,pocket_6,8.137813568115234,1706.4959716796875
4gfm,4gfm,1,protein_center,7.3213043212890625,1190.927978515625
4gfm,4gfm,2,protein_center,7.3213043212890625,1199.67333984375
4gfm,4gfm,3,protein_center,7.3213043212890625,1199.936767578125
4gfm,4gfm,4,protein_center,7.3213043212890625,1203.5098876953125
4gfm,4gfm,5,protein_center,7.3213043212890625,1208.169677734375
4gid,4gid,1,pocket_2,8.485321998596191,3060.4248046875
4gid,4gid,2,pocket_2,8.485321998596191,3075.64794921875
4gid,4gid,3,pocket_2,8.485321998596191,3076.35693359375
4gid,4gid,4,pocket_2,8.485321998596191,3076.511474609375
4gid,4gid,5,pocket_2,8.485321998596191,3080.79736328125
4gkm,4gkm,1,pocket_2,5.39668083190918,1368.66064453125
4gkm,4gkm,2,pocket_2,5.39668083190918,1372.5531005859375
4gkm,4gkm,3,pocket_2,5.39668083190918,1378.10986328125
4gkm,4gkm,4,pocket_2,5.39668083190918,1379.5068359375
4gkm,4gkm,5,pocket_2,5.39668083190918,1385.6988525390625
4gr0,4gr0,1,protein_center,9.071422576904297,2879.5908203125
4gr0,4gr0,2,protein_center,9.071422576904297,2893.071044921875
4gr0,4gr0,3,protein_center,9.071422576904297,2893.297119140625
4gr0,4gr0,4,protein_center,9.071422576904297,2895.32177734375
4gr0,4gr0,5,protein_center,9.071422576904297,2924.9423828125
4hge,4hge,1,pocket_3,8.757964134216309,1625.280029296875
4hge,4hge,2,pocket_3,8.757964134216309,1628.1177978515625
4hge,4hge,3,pocket_3,8.757964134216309,1629.220458984375
4hge,4hge,4,pocket_3,8.757964134216309,1636.630859375
4hge,4hge,5,pocket_3,8.757964134216309,1642.131591796875
4ih5,4ih5,1,pocket_2,3.8884952068328857,1141.120361328125
4ih5,4ih5,2,pocket_2,3.8884952068328857,1150.7838134765625
4ih5,4ih5,3,pocket_2,3.8884952068328857,1153.94677734375
4ih5,4ih5,4,pocket_2,3.8884952068328857,1156.628173828125
4ih5,4ih5,5,pocket_2,3.8884952068328857,1159.3466796875
4ih7,4ih7,1,pocket_2,4.869493007659912,1129.2216796875
4ih7,4ih7,2,pocket_2,4.869493007659912,1132.35986328125
4ih7,4ih7,3,pocket_2,4.869493007659912,1133.1241455078125
4ih7,4ih7,4,pocket_2,4.869493007659912,1133.94921875
4ih7,4ih7,5,pocket_2,4.869493007659912,1152.0841064453125
4ivb,4ivb,1,pocket_6,9.26547622680664,1488.970947265625
4ivb,4ivb,2,pocket_6,9.26547622680664,1489.799560546875
4ivb,4ivb,3,pocket_6,9.26547622680664,1494.8017578125
4ivb,4ivb,4,pocket_6,9.26547622680664,1495.5206298828125
4ivb,4ivb,5,pocket_6,9.26547622680664,1497.299560546875
4ivc,4ivc,1,pocket_4,9.128999710083008,1574.850341796875
4ivc,4ivc,2,pocket_4,9.128999710083008,1579.10302734375
4ivc,4ivc,3,pocket_4,9.128999710083008,1580.281982421875
4ivc,4ivc,4,pocket_4,9.128999710083008,1587.65234375
4ivc,4ivc,5,pocket_4,9.128999710083008,1588.837646484375
4ivd,4ivd,1,pocket_2,9.364140510559082,1616.6328125
4ivd,4ivd,2,pocket_2,9.364140510559082,1619.6275634765625
4ivd,4ivd,3,pocket_2,9.364140510559082,1627.3948974609375
4ivd,4ivd,4,pocket_2,9.364140510559082,1636.6944580078125
4ivd,4ivd,5,pocket_2,9.364140510559082,1641.69091796875
4j21,4j21,1,protein_center,7.843852996826172,1282.1759033203125
4j21,4j21,2,protein_center,7.843852996826172,1283.678466796875
4j21,4j21,3,protein_center,7.843852996826172,1285.67431640625
4j21,4j21,4,protein_center,7.843852996826172,1295.852783203125
4j21,4j21,5,protein_center,7.843852996826172,1297.4588623046875
4j28,4j28,1,pocket_1,6.888555526733398,1061.7369384765625
4j28,4j28,2,pocket_1,6.888555526733398,1067.451904296875
4j28,4j28,3,pocket_1,6.888555526733398,1070.949462890625
4j28,4j28,4,pocket_1,6.888555526733398,1072.8009033203125
4j28,4j28,5,pocket_1,6.888555526733398,1079.4676513671875
4j3l,4j3l,1,protein_center,8.358646392822266,1707.61962890625
4j3l,4j3l,2,protein_center,8.358646392822266,1708.732177734375
4j3l,4j3l,3,protein_center,8.358646392822266,1708.8193359375
4j3l,4j3l,4,protein_center,8.358646392822266,1713.750732421875
4j3l,4j3l,5,protein_center,8.358646392822266,1717.17138671875
4jfs,4jfs,1,pocket_17,7.373879432678223,1069.9522705078125
4jfs,4jfs,2,pocket_17,7.373879432678223,1078.0040283203125
4jfs,4jfs,3,pocket_17,7.373879432678223,1083.42236328125
4jfs,4jfs,4,pocket_17,7.373879432678223,1085.0355224609375
4jfs,4jfs,5,pocket_17,7.373879432678223,1092.1317138671875
4jia,4jia,1,protein_center,8.42487621307373,1989.8599853515625
4jia,4jia,2,protein_center,8.42487621307373,1993.716552734375
4jia,4jia,3,protein_center,8.42487621307373,2000.3935546875
4jia,4jia,4,protein_center,8.42487621307373,2002.4351806640625
4jia,4jia,5,protein_center,8.42487621307373,2012.6680908203125
4jsz,4jsz,1,protein_center,7.002110481262207,671.6162719726562
4jsz,4jsz,2,protein_center,7.002110481262207,675.6361083984375
4jsz,4jsz,3,protein_center,7.002110481262207,678.3806762695312
4jsz,4jsz,4,protein_center,7.002110481262207,679.2640380859375
4jsz,4jsz,5,protein_center,7.002110481262207,685.5513916015625
4jxs,4jxs,1,pocket_9,4.72150993347168,1462.1826171875
4jxs,4jxs,2,pocket_9,4.72150993347168,1472.2581787109375
4jxs,4jxs,3,pocket_9,4.72150993347168,1476.58203125
4jxs,4jxs,4,pocket_9,4.72150993347168,1479.6683349609375
4jxs,4jxs,5,pocket_9,4.72150993347168,1485.82763671875
4k18,4k18,1,protein_center,8.008772850036621,1962.75830078125
4k18,4k18,2,protein_center,8.008772850036621,1969.80078125
4k18,4k18,3,protein_center,8.008772850036621,1971.382080078125
4k18,4k18,4,protein_center,8.008772850036621,1975.5517578125
4k18,4k18,5,protein_center,8.008772850036621,1989.264892578125
4k77,4k77,1,pocket_1,8.158219337463379,1159.1329345703125
4k77,4k77,2,pocket_1,8.158219337463379,1160.95654296875
4k77,4k77,3,pocket_1,8.158219337463379,1170.0986328125
4k77,4k77,4,pocket_1,8.158219337463379,1170.62939453125
4k77,4k77,5,pocket_1,8.158219337463379,1174.1103515625
4kz6,4kz6,1,pocket_2,6.424398422241211,991.4530029296875
4kz6,4kz6,2,pocket_2,6.424398422241211,992.2474365234375
4kz6,4kz6,3,pocket_2,6.424398422241211,1002.0407104492188
4kz6,4kz6,4,pocket_2,6.424398422241211,1002.6098022460938
4kz6,4kz6,5,pocket_2,6.424398422241211,1012.8006591796875
4kzq,4kzq,1,pocket_1,7.012842178344727,1143.1846923828125
4kzq,4kzq,2,pocket_1,7.012842178344727,1146.2774658203125
4kzq,4kzq,3,pocket_1,7.012842178344727,1154.7147216796875
4kzq,4kzq,4,pocket_1,7.012842178344727,1155.0924072265625
4kzq,4kzq,5,pocket_1,7.012842178344727,1160.8480224609375
4kzu,4kzu,1,pocket_2,7.291848182678223,1135.94921875
4kzu,4kzu,2,pocket_2,7.291848182678223,1141.411376953125
4kzu,4kzu,3,pocket_2,7.291848182678223,1144.0107421875
4kzu,4kzu,4,pocket_2,7.291848182678223,1144.666015625
4kzu,4kzu,5,pocket_2,7.291848182678223,1150.081787109375
4llx,4llx,1,pocket_1,3.647653579711914,615.0111083984375
4llx,4llx,2,pocket_1,3.647653579711914,618.1175537109375
4llx,4llx,3,pocket_1,3.647653579711914,618.2000732421875
4llx,4llx,4,pocket_1,3.647653579711914,624.3583374023438
4llx,4llx,5,pocket_1,3.647653579711914,635.9693603515625
4lzs,4lzs,1,protein_center,5.376381874084473,937.7317504882812
4lzs,4lzs,2,protein_center,5.376381874084473,940.923583984375
4lzs,4lzs,3,protein_center,5.376381874084473,942.227294921875
4lzs,4lzs,4,protein_center,5.376381874084473,943.0119018554688
4lzs,4lzs,5,protein_center,5.376381874084473,952.2198486328125
4m0y,4m0y,1,protein_center,6.756024360656738,1461.1007080078125
4m0y,4m0y,2,protein_center,6.756024360656738,1464.8468017578125
4m0y,4m0y,3,protein_center,6.756024360656738,1471.91552734375
4m0y,4m0y,4,protein_center,6.756024360656738,1473.415283203125
4m0y,4m0y,5,protein_center,6.756024360656738,1473.4644775390625
4m0z,4m0z,1,protein_center,6.946274757385254,1669.20166015625
4m0z,4m0z,2,protein_center,6.946274757385254,1703.4952392578125
4m0z,4m0z,3,protein_center,6.946274757385254,1731.0406494140625
4m0z,4m0z,4,protein_center,6.946274757385254,1738.4071044921875
4m0z,4m0z,5,protein_center,6.946274757385254,1794.359130859375
4mgd,4mgd,1,pocket_2,6.864204406738281,1588.71630859375
4mgd,4mgd,2,pocket_2,6.864204406738281,1604.396484375
4mgd,4mgd,3,pocket_2,6.864204406738281,1604.836181640625
4mgd,4mgd,4,pocket_2,6.864204406738281,1608.8853759765625
4mgd,4mgd,5,pocket_2,6.864204406738281,1690.8582763671875
4mme,4mme,1,pocket_1,6.722294807434082,1520.0697021484375
4mme,4mme,2,pocket_1,6.722294807434082,1530.3349609375
4mme,4mme,3,pocket_1,6.722294807434082,1536.3182373046875
4mme,4mme,4,pocket_1,6.722294807434082,1540.020751953125
4mme,4mme,5,pocket_1,6.722294807434082,1540.81494140625
4mrw,4mrw,1,pocket_5,3.7595582008361816,797.707763671875
4mrw,4mrw,2,pocket_5,3.7595582008361816,801.4461669921875
4mrw,4mrw,3,pocket_5,3.7595582008361816,806.6592407226562
4mrw,4mrw,4,pocket_5,3.7595582008361816,807.2787475585938
4mrw,4mrw,5,pocket_5,3.7595582008361816,1071.299560546875
4mrz,4mrz,1,pocket_15,4.282180309295654,724.8541259765625
4mrz,4mrz,2,pocket_15,4.282180309295654,726.0482177734375
4mrz,4mrz,3,pocket_15,4.282180309295654,729.1791381835938
4mrz,4mrz,4,pocket_15,4.282180309295654,729.9916381835938
4mrz,4mrz,5,pocket_15,4.282180309295654,730.141845703125
4msc,4msc,1,pocket_1,6.783527374267578,1432.8848876953125
4msc,4msc,2,pocket_1,6.783527374267578,1443.03759765625
4msc,4msc,3,pocket_1,6.783527374267578,1443.1097412109375
4msc,4msc,4,pocket_1,6.783527374267578,1454.657958984375
4msc,4msc,5,pocket_1,6.783527374267578,1466.50830078125
4msn,4msn,1,pocket_1,4.368191242218018,857.806640625
4msn,4msn,2,pocket_1,4.368191242218018,861.22802734375
4msn,4msn,3,pocket_1,4.368191242218018,868.871826171875
4msn,4msn,4,pocket_1,4.368191242218018,869.288330078125
4msn,4msn,5,pocket_1,4.368191242218018,870.92919921875
4ogj,4ogj,1,pocket_1,7.08598518371582,2294.17529296875
4ogj,4ogj,2,pocket_1,7.08598518371582,2307.6357421875
4ogj,4ogj,3,pocket_1,7.08598518371582,2312.80322265625
4ogj,4ogj,4,pocket_1,7.08598518371582,2321.692626953125
4ogj,4ogj,5,pocket_1,7.08598518371582,2325.56494140625
4owm,4owm,1,pocket_2,4.16715669631958,706.25634765625
4owm,4owm,2,pocket_2,4.16715669631958,713.701416015625
4owm,4owm,3,pocket_2,4.16715669631958,713.7366943359375
4owm,4owm,4,pocket_2,4.16715669631958,714.055908203125
4owm,4owm,5,pocket_2,4.16715669631958,716.8048095703125
4pcs,4pcs,1,pocket_39,7.2176055908203125,1000.5253295898438
4pcs,4pcs,2,pocket_39,7.2176055908203125,1001.7811279296875
4pcs,4pcs,3,pocket_39,7.2176055908203125,1006.83056640625
4pcs,4pcs,4,pocket_39,7.2176055908203125,1011.3197631835938
4pcs,4pcs,5,pocket_39,7.2176055908203125,1018.7904052734375
4qac,4qac,1,pocket_10,8.813372611999512,1653.0224609375
4qac,4qac,2,pocket_10,8.813372611999512,1653.2440185546875
4qac,4qac,3,pocket_10,8.813372611999512,1659.906005859375
4qac,4qac,4,pocket_10,8.813372611999512,1661.348876953125
4qac,4qac,5,pocket_10,8.813372611999512,1673.453125
4qd6,4qd6,1,pocket_2,7.701515197753906,2273.189453125
4qd6,4qd6,2,pocket_2,7.701515197753906,2281.855712890625
4qd6,4qd6,3,pocket_2,7.701515197753906,2291.3515625
4qd6,4qd6,4,pocket_2,7.701515197753906,2294.88671875
4qd6,4qd6,5,pocket_2,7.701515197753906,2301.21630859375
4rfm,4rfm,1,pocket_1,9.208398818969727,2418.97021484375
4rfm,4rfm,2,pocket_1,9.208398818969727,2419.26513671875
4rfm,4rfm,3,pocket_1,9.208398818969727,2425.1103515625
4rfm,4rfm,4,pocket_1,9.208398818969727,2431.1171875
4rfm,4rfm,5,pocket_1,9.208398818969727,2451.048828125
4tmn,4tmn,1,pocket_1,6.703571319580078,2380.53955078125
4tmn,4tmn,2,pocket_1,6.703571319580078,2394.004150390625
4tmn,4tmn,3,pocket_1,6.703571319580078,2399.144775390625
4tmn,4tmn,4,pocket_1,6.703571319580078,2405.996826171875
4tmn,4tmn,5,pocket_1,6.703571319580078,2410.1279296875
4twp,4twp,1,pocket_1,8.200518608093262,1889.871337890625
4twp,4twp,2,pocket_1,8.200518608093262,1890.83935546875
4twp,4twp,3,pocket_1,8.200518608093262,1901.6329345703125
4twp,4twp,4,pocket_1,8.200518608093262,1905.0460205078125
4twp,4twp,5,pocket_1,8.200518608093262,1912.92138671875
4ty7,4ty7,1,pocket_1,8.561166763305664,2297.282470703125
4ty7,4ty7,2,pocket_1,8.561166763305664,2318.354248046875
4ty7,4ty7,3,pocket_1,8.561166763305664,2322.669189453125
4ty7,4ty7,4,pocket_1,8.561166763305664,2323.9072265625
4ty7,4ty7,5,pocket_1,8.561166763305664,2329.689208984375
4u4s,4u4s,1,pocket_6,4.7742018699646,971.9205322265625
4u4s,4u4s,2,pocket_6,4.7742018699646,974.3150634765625
4u4s,4u4s,3,pocket_6,4.7742018699646,978.2919921875
4u4s,4u4s,4,pocket_6,4.7742018699646,984.2036743164062
4u4s,4u4s,5,pocket_6,4.7742018699646,994.15576171875
4w9c,4w9c,1,pocket_1,5.237323760986328,1735.61767578125
4w9c,4w9c,2,pocket_1,5.237323760986328,1742.134033203125
4w9c,4w9c,3,pocket_1,5.237323760986328,1747.0731201171875
4w9c,4w9c,4,pocket_1,5.237323760986328,1749.2196044921875
4w9c,4w9c,5,pocket_1,5.237323760986328,1751.0010986328125
4w9h,4w9h,1,pocket_1,6.3828277587890625,2057.1806640625
4w9h,4w9h,2,pocket_1,6.3828277587890625,2070.248779296875
4w9h,4w9h,3,pocket_1,6.3828277587890625,2073.852783203125
4w9h,4w9h,4,pocket_1,6.3828277587890625,2077.987060546875
4w9h,4w9h,5,pocket_1,6.3828277587890625,2078.977783203125
4w9i,4w9i,1,pocket_1,6.256525039672852,2080.064697265625
4w9i,4w9i,2,pocket_1,6.256525039672852,2081.168212890625
4w9i,4w9i,3,pocket_1,6.256525039672852,2081.20703125
4w9i,4w9i,4,pocket_1,6.256525039672852,2084.4873046875
4w9i,4w9i,5,pocket_1,6.256525039672852,2093.8623046875
4w9l,4w9l,1,pocket_1,6.436920166015625,2568.061767578125
4w9l,4w9l,2,pocket_1,6.436920166015625,2570.3994140625
4w9l,4w9l,3,pocket_1,6.436920166015625,2585.4208984375
4w9l,4w9l,4,pocket_1,6.436920166015625,2587.162841796875
4w9l,4w9l,5,pocket_1,6.436920166015625,2601.863525390625
4wiv,4wiv,1,protein_center,6.397183418273926,1712.681640625
4wiv,4wiv,2,protein_center,6.397183418273926,1726.415771484375
4wiv,4wiv,3,protein_center,6.397183418273926,1727.885009765625
4wiv,4wiv,4,protein_center,6.397183418273926,1741.031494140625
4wiv,4wiv,5,protein_center,6.397183418273926,2252.4521484375
4x6p,4x6p,1,protein_center,9.1830415725708,2614.994140625
4x6p,4x6p,2,protein_center,9.1830415725708,2619.8681640625
4x6p,4x6p,3,protein_center,9.1830415725708,2621.649169921875
4x6p,4x6p,4,protein_center,9.1830415725708,2625.085693359375
4x6p,4x6p,5,protein_center,9.1830415725708,2632.5810546875
5a7b,5a7b,1,pocket_9,5.625004768371582,1937.46337890625
5a7b,5a7b,2,pocket_9,5.625004768371582,1956.0972900390625
5a7b,5a7b,3,pocket_9,5.625004768371582,1956.5850830078125
5a7b,5a7b,4,pocket_9,5.625004768371582,1967.65087890625
5a7b,5a7b,5,pocket_9,5.625004768371582,1983.9139404296875
5aba,5aba,1,pocket_7,4.739912033081055,1474.1944580078125
5aba,5aba,2,pocket_7,4.739912033081055,1481.254150390625
5aba,5aba,3,pocket_7,4.739912033081055,1486.860595703125
5aba,5aba,4,pocket_7,4.739912033081055,1487.437255859375
5aba,5aba,5,pocket_7,4.739912033081055,1488.20947265625
5c1w,5c1w,1,pocket_1,5.631990432739258,803.5132446289062
5c1w,5c1w,2,pocket_1,5.631990432739258,806.55224609375
5c1w,5c1w,3,pocket_1,5.631990432739258,807.6707763671875
5c1w,5c1w,4,pocket_1,5.631990432739258,810.0111083984375
5c1w,5c1w,5,pocket_1,5.631990432739258,811.3114013671875
5c28,5c28,1,pocket_1,5.684553146362305,761.9385986328125
5c28,5c28,2,pocket_1,5.684553146362305,766.51220703125
5c28,5c28,3,pocket_1,5.684553146362305,768.3612670898438
5c28,5c28,4,pocket_1,5.684553146362305,769.873291015625
5c28,5c28,5,pocket_1,5.684553146362305,779.427490234375
5c2h,5c2h,1,pocket_1,10.036758422851562,1988.7918701171875
5c2h,5c2h,2,pocket_1,10.036758422851562,1992.9169921875
5c2h,5c2h,3,pocket_1,10.036758422851562,2008.197021484375
5c2h,5c2h,4,pocket_1,10.036758422851562,2011.0867919921875
5c2h,5c2h,5,pocket_1,10.036758422851562,2024.96923828125
5dwr,5dwr,1,protein_center,9.279417991638184,2094.12548828125
5dwr,5dwr,2,protein_center,9.279417991638184,2105.8896484375
5dwr,5dwr,3,protein_center,9.279417991638184,2114.52978515625
5dwr,5dwr,4,protein_center,9.279417991638184,2115.1416015625
5dwr,5dwr,5,protein_center,9.279417991638184,2116.003662109375
5tmn,5tmn,1,pocket_1,6.3367438316345215,2081.3134765625
5tmn,5tmn,2,pocket_1,6.3367438316345215,2083.51416015625
5tmn,5tmn,3,pocket_1,6.3367438316345215,2086.076904296875
5tmn,5tmn,4,pocket_1,6.3367438316345215,2098.76611328125
5tmn,5tmn,5,pocket_1,6.3367438316345215,2107.42333984375
